-- phpMyAdmin SQL Dump
-- version 4.9.2
-- https://www.phpmyadmin.net/
--
-- Host: localhost
-- Generation Time: Feb 06, 2020 at 12:00 PM
-- Server version: 10.4.11-MariaDB
-- PHP Version: 7.4.1

SET SQL_MODE = "NO_AUTO_VALUE_ON_ZERO";
SET AUTOCOMMIT = 0;
START TRANSACTION;
SET time_zone = "+00:00";


/*!40101 SET @OLD_CHARACTER_SET_CLIENT=@@CHARACTER_SET_CLIENT */;
/*!40101 SET @OLD_CHARACTER_SET_RESULTS=@@CHARACTER_SET_RESULTS */;
/*!40101 SET @OLD_COLLATION_CONNECTION=@@COLLATION_CONNECTION */;
/*!40101 SET NAMES utf8mb4 */;

--
-- Database: `restaurantapp`
--

-- --------------------------------------------------------

--
-- Table structure for table `carts`
--

CREATE TABLE `carts` (
  `id_cart` int(11) NOT NULL,
  `id_item` int(11) NOT NULL,
  `id_user` int(11) NOT NULL,
  `total_item` int(11) NOT NULL,
  `created_on` timestamp NOT NULL DEFAULT current_timestamp(),
  `updated_on` timestamp NOT NULL DEFAULT current_timestamp()
) ENGINE=InnoDB DEFAULT CHARSET=utf8mb4;

--
-- Dumping data for table `carts`
--

INSERT INTO `carts` (`id_cart`, `id_item`, `id_user`, `total_item`, `created_on`, `updated_on`) VALUES
(22, 19, 14, 4, '2020-02-06 10:39:56', '2020-02-06 10:39:56');

-- --------------------------------------------------------

--
-- Table structure for table `categories`
--

CREATE TABLE `categories` (
  `id_category` int(11) NOT NULL,
  `name_category` varchar(45) NOT NULL,
  `image` varchar(500) NOT NULL,
  `created_on` timestamp NOT NULL DEFAULT current_timestamp(),
  `updated_on` timestamp NOT NULL DEFAULT current_timestamp()
) ENGINE=InnoDB DEFAULT CHARSET=utf8mb4;

--
-- Dumping data for table `categories`
--

INSERT INTO `categories` (`id_category`, `name_category`, `image`, `created_on`, `updated_on`) VALUES
(1, 'Coffee', 'coffee.png', '2020-01-19 10:22:22', '2020-01-19 10:22:22'),
(2, 'Pizza', 'pizza.png', '2020-01-19 10:22:48', '2020-01-19 10:22:48'),
(3, 'Tea', 'tea.png', '2020-01-19 10:22:59', '2020-01-19 10:22:59'),
(4, 'Chicken', 'chicken.png', '2020-01-19 10:23:09', '2020-01-19 10:23:09');

-- --------------------------------------------------------

--
-- Table structure for table `items`
--

CREATE TABLE `items` (
  `id_item` int(11) NOT NULL,
  `id_category` int(11) NOT NULL,
  `id_restaurant` int(11) NOT NULL,
  `name_item` varchar(45) NOT NULL,
  `price` int(45) NOT NULL,
  `rating` float DEFAULT NULL,
  `desc_item` varchar(255) NOT NULL,
  `image` varchar(255) NOT NULL,
  `created_on` timestamp NOT NULL DEFAULT current_timestamp(),
  `updated_on` timestamp NOT NULL DEFAULT current_timestamp()
) ENGINE=InnoDB DEFAULT CHARSET=utf8mb4;

--
-- Dumping data for table `items`
--

INSERT INTO `items` (`id_item`, `id_category`, `id_restaurant`, `name_item`, `price`, `rating`, `desc_item`, `image`, `created_on`, `updated_on`) VALUES
(17, 1, 5, 'Pumpkin Spice Latteeee', 45000, 2.5, 'Lorem ipsum', 'starbucks2.jpg', '2020-01-19 11:37:02', '2020-02-06 08:16:16'),
(19, 4, 4, 'Beef Teriyaki', 50000, 4, 'Deskripsi item', 'beefteriyaki.jpg', '2020-01-19 11:41:49', '2020-01-19 11:41:49'),
(20, 4, 9, 'Black Pepper Chicken & Rice Special', 60000, 4, 'Deskripsi item', 'Black Pepper Chicken & Rice Special.png', '2020-01-19 11:44:54', '2020-01-19 11:44:54'),
(21, 4, 4, 'Chicken Teriyaki', 50000, 3, 'Deskripsi item', 'd3765-Chicken-Teriyaki.jpg', '2020-01-19 11:45:45', '2020-01-19 11:45:45');

-- --------------------------------------------------------

--
-- Table structure for table `restaurants`
--

CREATE TABLE `restaurants` (
  `id_restaurant` int(11) NOT NULL,
  `name_rest` varchar(45) NOT NULL,
  `logo` varchar(255) NOT NULL,
  `lat` varchar(20) NOT NULL,
  `longt` varchar(20) NOT NULL,
  `desc_rest` longtext NOT NULL,
  `created_on` timestamp NOT NULL DEFAULT current_timestamp(),
  `updated_on` timestamp NOT NULL DEFAULT current_timestamp()
) ENGINE=InnoDB DEFAULT CHARSET=utf8mb4;

--
-- Dumping data for table `restaurants`
--

INSERT INTO `restaurants` (`id_restaurant`, `name_rest`, `logo`, `lat`, `longt`, `desc_rest`, `created_on`, `updated_on`) VALUES
(4, 'Pizza Hut Delivery - Padjajaran Bogor', 'phd.jpg', '-6.6160852', '106.8120935', 'Deskripsi', '2020-01-19 09:37:33', '2020-01-19 09:37:33'),
(5, 'Starbucks-Bogor Rest Area', 'starbucks.png', '-6.6160852', '106.8120935', 'Deskripsi', '2020-01-19 09:38:38', '2020-01-19 09:38:38'),
(6, 'Richeese Factory-Padjajaran Bogor', 'richeese.jpg', '-6.6160852', '106.8120935', 'Deskripsi', '2020-01-19 09:39:45', '2020-01-19 09:39:45'),
(7, 'Hokben-Baranangsiang', 'hokben.jpg', '-6.6160852', '106.8120935', 'Deskripsi', '2020-01-19 09:49:18', '2020-01-19 09:49:18'),
(8, 'KFC - Plaza Ekalokasari', 'KFC.png', '-6.6160852', '106.8120935', 'Deskripsi', '2020-01-19 09:50:14', '2020-01-19 09:50:14'),
(9, 'McDonald\'s-Hero Padjajaran Bogor', 'mcdonald.jpg', '-6.6160852', '106.8120935', 'Deskripsi', '2020-01-19 09:51:01', '2020-01-19 09:51:01');

-- --------------------------------------------------------

--
-- Table structure for table `revoked_token`
--

CREATE TABLE `revoked_token` (
  `id` int(11) NOT NULL,
  `token` varchar(1000) NOT NULL,
  `is_revoked` int(2) NOT NULL,
  `created_on` timestamp NOT NULL DEFAULT current_timestamp(),
  `updated_on` timestamp NOT NULL DEFAULT current_timestamp()
) ENGINE=InnoDB DEFAULT CHARSET=utf8mb4;

--
-- Dumping data for table `revoked_token`
--

INSERT INTO `revoked_token` (`id`, `token`, `is_revoked`, `created_on`, `updated_on`) VALUES
(1, 'eyJhbGciOiJIUzI1NiIsInR5cCI6IkpXVCJ9.eyJ1c2VybmFtZSI6ImFkbWluIiwiaWF0IjoxNTc3ODA3MDkxfQ.9Pe0d6LJXVyt9wPvAWyvXkFHxzmOf2nTVme93S8fJD8', 0, '2019-12-31 15:44:51', '2019-12-31 15:44:51'),
(2, 'eyJhbGciOiJIUzI1NiIsInR5cCI6IkpXVCJ9.eyJ1c2VybmFtZSI6ImFkbWluIiwiaWF0IjoxNTc3ODA3MjU2fQ.ku504-V2AltPYFaCr-hSCac5EiWDeKsD20kBrOQj6n0', 1, '2019-12-31 15:47:36', '2019-12-31 15:47:36'),
(3, 'eyJhbGciOiJIUzI1NiIsInR5cCI6IkpXVCJ9.eyJ1c2VybmFtZSI6ImFkbWluIiwiaWF0IjoxNTc4MDY5NDU4fQ.rVWgEeXlaJ8oDhHl5YL8k7o1nEunyyxBB0uCttM-8gU', 0, '2020-01-03 16:37:38', '2020-01-03 16:37:38'),
(4, 'eyJhbGciOiJIUzI1NiIsInR5cCI6IkpXVCJ9.eyJ1c2VybmFtZSI6ImFkbWluIiwiaWF0IjoxNTc4MTU0MTcxfQ.XgcaZtcmbrGmxnlYnMc4xQvDMP-mjjK9t0-Mi06npmc', 0, '2020-01-04 16:09:31', '2020-01-04 16:09:31'),
(5, 'eyJhbGciOiJIUzI1NiIsInR5cCI6IkpXVCJ9.eyJ1c2VybmFtZSI6ImFkbWluIiwiaWF0IjoxNTc4MjMyMzQ5fQ.yf2JWTwekVPXy49utK3xbmT76tA0N2sFnmT-GxwWuac', 1, '2020-01-05 13:52:29', '2020-01-05 13:52:29'),
(6, 'eyJhbGciOiJIUzI1NiIsInR5cCI6IkpXVCJ9.eyJ1c2VybmFtZSI6ImFtdWRpYSIsImlhdCI6MTU3ODI0MDU1N30.8XAePkuRpD2DJrzCsJTDmb8DROsYfWftaY_KzRDDH9Y', 0, '2020-01-05 16:09:17', '2020-01-05 16:09:17'),
(7, 'eyJhbGciOiJIUzI1NiIsInR5cCI6IkpXVCJ9.eyJ1c2VybmFtZSI6ImFtdWRpYSIsImlhdCI6MTU3ODI0MDU3NX0.emzBiYFFKXWlpEM9aXtvPqawxBMy7qC6Oh3hbb0ChTw', 0, '2020-01-05 16:09:35', '2020-01-05 16:09:35'),
(8, 'eyJhbGciOiJIUzI1NiIsInR5cCI6IkpXVCJ9.eyJ1c2VybmFtZSI6ImFtdWRpYSIsImlhdCI6MTU3ODI0MDU3NX0.emzBiYFFKXWlpEM9aXtvPqawxBMy7qC6Oh3hbb0ChTw', 0, '2020-01-05 16:09:35', '2020-01-05 16:09:35'),
(9, 'eyJhbGciOiJIUzI1NiIsInR5cCI6IkpXVCJ9.eyJ1c2VybmFtZSI6ImFtdWRpYSIsImlhdCI6MTU3ODI0MDU3OX0.y0O8_9ipSUqXEQ-FxMiOGYzrEhHSEwMn76HUmLpsAtM', 0, '2020-01-05 16:09:39', '2020-01-05 16:09:39'),
(10, 'eyJhbGciOiJIUzI1NiIsInR5cCI6IkpXVCJ9.eyJ1c2VybmFtZSI6ImFtdWRpYSIsImlhdCI6MTU3ODI0MDU4MH0.qaVV2XAabEhKNnVw-b7kJSZWuoctf_wcnGQtZ3lFe6E', 0, '2020-01-05 16:09:40', '2020-01-05 16:09:40'),
(11, 'eyJhbGciOiJIUzI1NiIsInR5cCI6IkpXVCJ9.eyJ1c2VybmFtZSI6ImFtdWRpYSIsImlhdCI6MTU3ODI0MDU4MH0.qaVV2XAabEhKNnVw-b7kJSZWuoctf_wcnGQtZ3lFe6E', 0, '2020-01-05 16:09:40', '2020-01-05 16:09:40'),
(12, 'eyJhbGciOiJIUzI1NiIsInR5cCI6IkpXVCJ9.eyJ1c2VybmFtZSI6ImFtdWRpYSIsImlhdCI6MTU3ODI0MDU4MX0.gF0xYoZDHNxu-Vw2VGmUq0kBuqzf5Ip3mEWLOAeXBdI', 0, '2020-01-05 16:09:41', '2020-01-05 16:09:41'),
(13, 'eyJhbGciOiJIUzI1NiIsInR5cCI6IkpXVCJ9.eyJ1c2VybmFtZSI6ImFtdWRpYSIsImlhdCI6MTU3ODI0MDU4NH0.1chtdqmp-89sBCbDWpY7LEUvhXPRxPbmoyzuZ-963nI', 0, '2020-01-05 16:09:44', '2020-01-05 16:09:44'),
(14, 'eyJhbGciOiJIUzI1NiIsInR5cCI6IkpXVCJ9.eyJ1c2VybmFtZSI6ImFtdWRpYSIsImlhdCI6MTU3ODI0MDU4NX0.o8ndya1-y82bpzpn45sj31SGRndZI4SeDBu6UDuHL6I', 0, '2020-01-05 16:09:45', '2020-01-05 16:09:45'),
(15, 'eyJhbGciOiJIUzI1NiIsInR5cCI6IkpXVCJ9.eyJ1c2VybmFtZSI6ImFtdWRpYSIsImlhdCI6MTU3ODI0MDU4NX0.o8ndya1-y82bpzpn45sj31SGRndZI4SeDBu6UDuHL6I', 0, '2020-01-05 16:09:45', '2020-01-05 16:09:45'),
(16, 'eyJhbGciOiJIUzI1NiIsInR5cCI6IkpXVCJ9.eyJ1c2VybmFtZSI6ImFtdWRpYSIsImlhdCI6MTU3ODI0MDU4NX0.o8ndya1-y82bpzpn45sj31SGRndZI4SeDBu6UDuHL6I', 0, '2020-01-05 16:09:45', '2020-01-05 16:09:45'),
(17, 'eyJhbGciOiJIUzI1NiIsInR5cCI6IkpXVCJ9.eyJ1c2VybmFtZSI6ImFtdWRpYSIsImlhdCI6MTU3ODI0MDU4NX0.o8ndya1-y82bpzpn45sj31SGRndZI4SeDBu6UDuHL6I', 0, '2020-01-05 16:09:45', '2020-01-05 16:09:45'),
(18, 'eyJhbGciOiJIUzI1NiIsInR5cCI6IkpXVCJ9.eyJ1c2VybmFtZSI6ImFtdWRpYSIsImlhdCI6MTU3ODI0MDc0M30.9i9y7JmUFqwVi9YiVaAhWO-DBApxWja2lU61smMyrlM', 0, '2020-01-05 16:12:23', '2020-01-05 16:12:23'),
(19, 'eyJhbGciOiJIUzI1NiIsInR5cCI6IkpXVCJ9.eyJ1c2VybmFtZSI6ImFtdWRpYSIsImlhdCI6MTU3ODI0MDc5NH0.QNdvrz60QXQ7D2O_kzjO5-asWh7NQNQTeib6LhGTRQ4', 0, '2020-01-05 16:13:14', '2020-01-05 16:13:14'),
(20, 'eyJhbGciOiJIUzI1NiIsInR5cCI6IkpXVCJ9.eyJ1c2VybmFtZSI6ImFtdWRpYSIsImlhdCI6MTU3ODI0MDkzOH0.LYfBZy9R5orM0rneXY5tXV1hd-0rg1-FELxLrrnL7Ko', 0, '2020-01-05 16:15:38', '2020-01-05 16:15:38'),
(21, 'eyJhbGciOiJIUzI1NiIsInR5cCI6IkpXVCJ9.eyJ1c2VybmFtZSI6ImFtdWRpYSIsImlhdCI6MTU3ODI0MDkzOX0.M6E01ZsYT1pM5_e8Ctz4t70lYYwocPwNioA-Mqe7FPY', 0, '2020-01-05 16:15:39', '2020-01-05 16:15:39'),
(22, 'eyJhbGciOiJIUzI1NiIsInR5cCI6IkpXVCJ9.eyJ1c2VybmFtZSI6ImFtdWRpYSIsImlhdCI6MTU3ODI0MDkzOX0.M6E01ZsYT1pM5_e8Ctz4t70lYYwocPwNioA-Mqe7FPY', 0, '2020-01-05 16:15:39', '2020-01-05 16:15:39'),
(23, 'eyJhbGciOiJIUzI1NiIsInR5cCI6IkpXVCJ9.eyJ1c2VybmFtZSI6ImFtdWRpYSIsImlhdCI6MTU3ODI0MDkzOX0.M6E01ZsYT1pM5_e8Ctz4t70lYYwocPwNioA-Mqe7FPY', 0, '2020-01-05 16:15:39', '2020-01-05 16:15:39'),
(24, 'eyJhbGciOiJIUzI1NiIsInR5cCI6IkpXVCJ9.eyJ1c2VybmFtZSI6ImFtdWRpYSIsImlhdCI6MTU3ODI0MTQ1NH0.O9QhhUErJCXl6S5XzkP_euM9tZMYjF_DW0g0UaArWd4', 0, '2020-01-05 16:24:14', '2020-01-05 16:24:14'),
(26, 'eyJhbGciOiJIUzI1NiIsInR5cCI6IkpXVCJ9.eyJ1c2VybmFtZSI6ImFtdWRpYSIsImlhdCI6MTU3ODI0MTQ1N30.skMXheJsiWYxtLlRNeZFVU-Z0hjh_XFC3lLMcCAR5dM', 0, '2020-01-05 16:24:17', '2020-01-05 16:24:17'),
(27, 'eyJhbGciOiJIUzI1NiIsInR5cCI6IkpXVCJ9.eyJ1c2VybmFtZSI6ImFtdWRpYSIsImlhdCI6MTU3ODI0MTQ1N30.skMXheJsiWYxtLlRNeZFVU-Z0hjh_XFC3lLMcCAR5dM', 0, '2020-01-05 16:24:17', '2020-01-05 16:24:17'),
(28, 'eyJhbGciOiJIUzI1NiIsInR5cCI6IkpXVCJ9.eyJ1c2VybmFtZSI6ImFtdWRpYSIsImlhdCI6MTU3ODI0MTQ1N30.skMXheJsiWYxtLlRNeZFVU-Z0hjh_XFC3lLMcCAR5dM', 0, '2020-01-05 16:24:17', '2020-01-05 16:24:17'),
(29, 'eyJhbGciOiJIUzI1NiIsInR5cCI6IkpXVCJ9.eyJ1c2VybmFtZSI6ImFtdWRpYSIsImlhdCI6MTU3ODI0MTQ1N30.skMXheJsiWYxtLlRNeZFVU-Z0hjh_XFC3lLMcCAR5dM', 0, '2020-01-05 16:24:17', '2020-01-05 16:24:17'),
(30, 'eyJhbGciOiJIUzI1NiIsInR5cCI6IkpXVCJ9.eyJ1c2VybmFtZSI6ImFtdWRpYSIsImlhdCI6MTU3ODI0MTQ1N30.skMXheJsiWYxtLlRNeZFVU-Z0hjh_XFC3lLMcCAR5dM', 0, '2020-01-05 16:24:17', '2020-01-05 16:24:17'),
(31, 'eyJhbGciOiJIUzI1NiIsInR5cCI6IkpXVCJ9.eyJ1c2VybmFtZSI6ImFtdWRpYSIsImlhdCI6MTU3ODI0MTQ1N30.skMXheJsiWYxtLlRNeZFVU-Z0hjh_XFC3lLMcCAR5dM', 0, '2020-01-05 16:24:17', '2020-01-05 16:24:17'),
(32, 'eyJhbGciOiJIUzI1NiIsInR5cCI6IkpXVCJ9.eyJ1c2VybmFtZSI6ImFtdWRpYSIsImlhdCI6MTU3ODI0MTQ1N30.skMXheJsiWYxtLlRNeZFVU-Z0hjh_XFC3lLMcCAR5dM', 0, '2020-01-05 16:24:17', '2020-01-05 16:24:17'),
(33, 'eyJhbGciOiJIUzI1NiIsInR5cCI6IkpXVCJ9.eyJ1c2VybmFtZSI6ImFtdWRpYSIsImlhdCI6MTU3ODI0MTQ1OH0.3wJHfEgEVzNJn4tS2_bSF6-r_crh0UC7N0IG2ucWsZc', 0, '2020-01-05 16:24:18', '2020-01-05 16:24:18'),
(34, 'eyJhbGciOiJIUzI1NiIsInR5cCI6IkpXVCJ9.eyJ1c2VybmFtZSI6ImFtdWRpYSIsImlhdCI6MTU3ODI0MTQ1OH0.3wJHfEgEVzNJn4tS2_bSF6-r_crh0UC7N0IG2ucWsZc', 0, '2020-01-05 16:24:18', '2020-01-05 16:24:18'),
(35, 'eyJhbGciOiJIUzI1NiIsInR5cCI6IkpXVCJ9.eyJ1c2VybmFtZSI6ImFtdWRpYSIsImlhdCI6MTU3ODI0MTQ1OH0.3wJHfEgEVzNJn4tS2_bSF6-r_crh0UC7N0IG2ucWsZc', 0, '2020-01-05 16:24:18', '2020-01-05 16:24:18'),
(36, 'eyJhbGciOiJIUzI1NiIsInR5cCI6IkpXVCJ9.eyJ1c2VybmFtZSI6ImFtdWRpYSIsImlhdCI6MTU3ODI0MTQ1OH0.3wJHfEgEVzNJn4tS2_bSF6-r_crh0UC7N0IG2ucWsZc', 0, '2020-01-05 16:24:18', '2020-01-05 16:24:18'),
(37, 'eyJhbGciOiJIUzI1NiIsInR5cCI6IkpXVCJ9.eyJ1c2VybmFtZSI6ImFtdWRpYSIsImlhdCI6MTU3ODI0MTQ1OH0.3wJHfEgEVzNJn4tS2_bSF6-r_crh0UC7N0IG2ucWsZc', 0, '2020-01-05 16:24:18', '2020-01-05 16:24:18'),
(38, 'eyJhbGciOiJIUzI1NiIsInR5cCI6IkpXVCJ9.eyJ1c2VybmFtZSI6ImFtdWRpYSIsImlhdCI6MTU3ODI0MTQ1OH0.3wJHfEgEVzNJn4tS2_bSF6-r_crh0UC7N0IG2ucWsZc', 0, '2020-01-05 16:24:18', '2020-01-05 16:24:18'),
(39, 'eyJhbGciOiJIUzI1NiIsInR5cCI6IkpXVCJ9.eyJ1c2VybmFtZSI6ImFtdWRpYSIsImlhdCI6MTU3ODI0MTQ1OH0.3wJHfEgEVzNJn4tS2_bSF6-r_crh0UC7N0IG2ucWsZc', 0, '2020-01-05 16:24:18', '2020-01-05 16:24:18'),
(40, 'eyJhbGciOiJIUzI1NiIsInR5cCI6IkpXVCJ9.eyJ1c2VybmFtZSI6ImFtdWRpYSIsImlhdCI6MTU3ODI0MTYwNX0.4ZaeEYiSkUT5Cf3sqYoC--7Xi6Tf6L_TTp4w8UARHoo', 0, '2020-01-05 16:26:45', '2020-01-05 16:26:45'),
(41, 'eyJhbGciOiJIUzI1NiIsInR5cCI6IkpXVCJ9.eyJ1c2VybmFtZSI6ImFtdWRpYSIsImlhdCI6MTU3ODI0MTYwNn0.XKIVEaKY-FLUDDT71MrYqCvMudJ0n3imlMiHg7i2oK8', 0, '2020-01-05 16:26:46', '2020-01-05 16:26:46'),
(42, 'eyJhbGciOiJIUzI1NiIsInR5cCI6IkpXVCJ9.eyJ1c2VybmFtZSI6ImFkbWluIiwiaWF0IjoxNTc4MjQxNzcwfQ.mXlqSpcFH7o6Re5rPyK2weNwAZZAaoY6jlbJGHJeJCw', 1, '2020-01-05 16:29:30', '2020-01-05 16:29:30'),
(43, 'eyJhbGciOiJIUzI1NiIsInR5cCI6IkpXVCJ9.eyJ1c2VybmFtZSI6ImFtdWRpYSIsImlhdCI6MTU3ODI0MTg4Mn0.r44uJX9N-MeGYClXY4QOiPWe38MAowRDiin7mOH_d-4', 0, '2020-01-05 16:31:22', '2020-01-05 16:31:22'),
(44, 'eyJhbGciOiJIUzI1NiIsInR5cCI6IkpXVCJ9.eyJ1c2VybmFtZSI6ImFtdWRpYSIsImlhdCI6MTU3ODI0MTg4M30.PmzokOl_7V2CLtEeAMWeo2YQX_xrgNcJK_EmZ3_E2Rg', 0, '2020-01-05 16:31:23', '2020-01-05 16:31:23'),
(45, 'eyJhbGciOiJIUzI1NiIsInR5cCI6IkpXVCJ9.eyJ1c2VybmFtZSI6ImFtdWRpYSIsImlhdCI6MTU3ODI0MTg4Nn0.pMdAi6EDJn2wtuHAh3qsw0jHly03uvP3sK2hucOvOg8', 0, '2020-01-05 16:31:26', '2020-01-05 16:31:26'),
(46, 'eyJhbGciOiJIUzI1NiIsInR5cCI6IkpXVCJ9.eyJ1c2VybmFtZSI6ImFtdWRpYSIsImlhdCI6MTU3ODI0MTg4Nn0.pMdAi6EDJn2wtuHAh3qsw0jHly03uvP3sK2hucOvOg8', 0, '2020-01-05 16:31:26', '2020-01-05 16:31:26'),
(47, 'eyJhbGciOiJIUzI1NiIsInR5cCI6IkpXVCJ9.eyJ1c2VybmFtZSI6ImFtdWRpYSIsImlhdCI6MTU3ODI0MTg4Nn0.pMdAi6EDJn2wtuHAh3qsw0jHly03uvP3sK2hucOvOg8', 0, '2020-01-05 16:31:26', '2020-01-05 16:31:26'),
(48, 'eyJhbGciOiJIUzI1NiIsInR5cCI6IkpXVCJ9.eyJ1c2VybmFtZSI6ImFtdWRpYSIsImlhdCI6MTU3ODI0MjAyOX0.LOTLJY6BBuk-uPt59ilp-PBdxLI5eyptALpTL06XYzo', 0, '2020-01-05 16:33:49', '2020-01-05 16:33:49'),
(49, 'eyJhbGciOiJIUzI1NiIsInR5cCI6IkpXVCJ9.eyJ1c2VybmFtZSI6ImFtdWRpYSIsImlhdCI6MTU3ODI0MjEwOX0.4IM8KuArFw6Jv8Baqz1JG5wIA2bdawpY5JPhpLGIDvQ', 0, '2020-01-05 16:35:09', '2020-01-05 16:35:09'),
(50, 'eyJhbGciOiJIUzI1NiIsInR5cCI6IkpXVCJ9.eyJ1c2VybmFtZSI6ImFtdWRpYSIsImlhdCI6MTU3ODI0MjE0Nn0.KQtj2T0CZ4Y2SiFdJ3EWmN7treH8G_h4QajtfUTSzC4', 0, '2020-01-05 16:35:46', '2020-01-05 16:35:46'),
(51, 'eyJhbGciOiJIUzI1NiIsInR5cCI6IkpXVCJ9.eyJ1c2VybmFtZSI6ImFkbWluIiwiaWF0IjoxNTc4MjQyMjU1fQ.RUkscq909pt2fIkE2dZabNO3LijrkcvQRS6-AVjD4zE', 0, '2020-01-05 16:37:35', '2020-01-05 16:37:35'),
(52, 'eyJhbGciOiJIUzI1NiIsInR5cCI6IkpXVCJ9.eyJ1c2VybmFtZSI6ImFkbWluIiwiaWF0IjoxNTc4MjQyMjkwfQ.kbRK5_LQdEmmGvTFTmfFafg6faGwkbCggjmZ-OUKS4w', 0, '2020-01-05 16:38:10', '2020-01-05 16:38:10'),
(53, 'eyJhbGciOiJIUzI1NiIsInR5cCI6IkpXVCJ9.eyJ1c2VybmFtZSI6ImFkbWluIiwiaWF0IjoxNTc4MjQyMjkzfQ.xtZ2-BDh2G-W9W5hLo43jhgLKXIUMqb8TXDwwelOy48', 0, '2020-01-05 16:38:13', '2020-01-05 16:38:13'),
(54, 'eyJhbGciOiJIUzI1NiIsInR5cCI6IkpXVCJ9.eyJ1c2VybmFtZSI6ImFtdWRpYSIsImlhdCI6MTU3ODI0MjM2NH0.wgOzWRvip_Y42s14bHsacJXj_uc5w6l3BCrccRtu2cE', 0, '2020-01-05 16:39:24', '2020-01-05 16:39:24'),
(55, 'eyJhbGciOiJIUzI1NiIsInR5cCI6IkpXVCJ9.eyJ1c2VybmFtZSI6ImFkbWluIiwiaWF0IjoxNTc4MjUzMTg5fQ.Qsi285hOuZ5XWoxXyUxfvD67uF7tL8woCF1BEI6w6Ik', 0, '2020-01-05 19:39:49', '2020-01-05 19:39:49'),
(56, 'eyJhbGciOiJIUzI1NiIsInR5cCI6IkpXVCJ9.eyJ1c2VybmFtZSI6ImFkbWluIiwiaWF0IjoxNTc4MjUzMjEyfQ.E9y09ldm9Ewv7lgXGQp6xPHssQ1zMFz8ivkNDNAhwfs', 1, '2020-01-05 19:40:12', '2020-01-05 19:40:12'),
(57, 'eyJhbGciOiJIUzI1NiIsInR5cCI6IkpXVCJ9.eyJ1c2VybmFtZSI6ImFtdWRpYSIsImlhdCI6MTU3ODI1NzA5Nn0.MsFGHPYQErCNTFY1eMXM_MRF0nGU5al1JiYuC3jNl0U', 0, '2020-01-05 20:44:56', '2020-01-05 20:44:56'),
(58, 'eyJhbGciOiJIUzI1NiIsInR5cCI6IkpXVCJ9.eyJ1c2VybmFtZSI6ImFtdWRpYSIsImlhdCI6MTU3ODI1OTM4NH0.YJPJXXceMvhwmZTPZkBs5DED0-D4r_pcYMOSt8eyURE', 0, '2020-01-05 21:23:04', '2020-01-05 21:23:04'),
(59, 'eyJhbGciOiJIUzI1NiIsInR5cCI6IkpXVCJ9.eyJ1c2VybmFtZSI6ImFtdWRpYSIsImlhdCI6MTU3ODI2MjcxN30.PLUJkwiLYPC8g0VoV-W3uTIJyJbonpadcPWpnxatDdo', 0, '2020-01-05 22:18:37', '2020-01-05 22:18:37'),
(60, 'eyJhbGciOiJIUzI1NiIsInR5cCI6IkpXVCJ9.eyJ1c2VybmFtZSI6ImFkbWluIiwiaWF0IjoxNTc4MjYzODM0fQ.2pye-Z3KCOTvEw4BHi6tBNwpWK1DQ2RYbuHnZC5SAsw', 1, '2020-01-05 22:37:14', '2020-01-05 22:37:14'),
(61, 'eyJhbGciOiJIUzI1NiIsInR5cCI6IkpXVCJ9.eyJ1c2VybmFtZSI6ImFtdWRpYSIsImlhdCI6MTU3ODI2NTYzNX0.AZKl96sjrp9Ht-TWkzjJvYvScs0uwL2d4umUJsGX1cU', 0, '2020-01-05 23:07:15', '2020-01-05 23:07:15'),
(62, 'eyJhbGciOiJIUzI1NiIsInR5cCI6IkpXVCJ9.eyJ1c2VybmFtZSI6ImFtdWRpYSIsImlhdCI6MTU3ODI2NTgzOX0.wchDZC2edtFk1eFv9bWvY6YNbSY8SIJ9eU8MYoUcAME', 0, '2020-01-05 23:10:39', '2020-01-05 23:10:39'),
(63, 'eyJhbGciOiJIUzI1NiIsInR5cCI6IkpXVCJ9.eyJ1c2VybmFtZSI6ImFtdWRpYSIsImlhdCI6MTU3ODI2NTg5NX0.IsqEUvznPLe5Jd-5gYVhVwWQ0jYkrCScJhSkUOu2Mm0', 1, '2020-01-05 23:11:35', '2020-01-05 23:11:35'),
(64, 'eyJhbGciOiJIUzI1NiIsInR5cCI6IkpXVCJ9.eyJ1c2VybmFtZSI6ImFkbWluIiwiaWF0IjoxNTc4MjY2NTEyfQ.8Dunzq6rSH8pjD62AXrNHYIM9O8FmDJnG__OyUdaokY', 1, '2020-01-05 23:21:52', '2020-01-05 23:21:52'),
(65, 'eyJhbGciOiJIUzI1NiIsInR5cCI6IkpXVCJ9.eyJ1c2VybmFtZSI6ImFkbWluIiwiaWF0IjoxNTc4MjY2NjY0fQ.iRzpNBcBynzxJ1gQUJDjkZM6xcnDIZesf0toMp0xWZw', 1, '2020-01-05 23:24:24', '2020-01-05 23:24:24'),
(66, 'eyJhbGciOiJIUzI1NiIsInR5cCI6IkpXVCJ9.eyJ1c2VybmFtZSI6ImFkbWluIiwiaWF0IjoxNTc4MjY2NzEyfQ.WgUZ2TcolqtmtciSWz5RikYD3X_EdWdXuLRBt8D0V7w', 1, '2020-01-05 23:25:12', '2020-01-05 23:25:12'),
(67, 'eyJhbGciOiJIUzI1NiIsInR5cCI6IkpXVCJ9.eyJ1c2VybmFtZSI6ImFkbWluIiwiaWF0IjoxNTc4MjY2ODM4fQ.enZ-j8BQ6IizXazhX7r0QCSZwAQDnqpdgASHGeumUvM', 1, '2020-01-05 23:27:18', '2020-01-05 23:27:18'),
(68, 'eyJhbGciOiJIUzI1NiIsInR5cCI6IkpXVCJ9.eyJ1c2VybmFtZSI6ImFkbWluIiwiaWF0IjoxNTc4MjY2OTQ5fQ.JXWwRyMX8nNJPOWC5p-clRyEuT_QaBp8lS6tMf6XfSk', 1, '2020-01-05 23:29:09', '2020-01-05 23:29:09'),
(69, 'eyJhbGciOiJIUzI1NiIsInR5cCI6IkpXVCJ9.eyJ1c2VybmFtZSI6ImFkbWluIiwiaWF0IjoxNTc4MjY3MDMyfQ.lTBQKb3JKxAPJz4BMlwa_it0Lh2HG3_Q06nT32X4nbo', 1, '2020-01-05 23:30:32', '2020-01-05 23:30:32'),
(70, 'eyJhbGciOiJIUzI1NiIsInR5cCI6IkpXVCJ9.eyJ1c2VybmFtZSI6ImFkbWluIiwiaWF0IjoxNTc4MjY3OTcyfQ.Ai1x9ZoKU9wJP2tZU6_lAioRBKwGWqs_7Q2yuWhQWOg', 1, '2020-01-05 23:46:12', '2020-01-05 23:46:12'),
(71, 'eyJhbGciOiJIUzI1NiIsInR5cCI6IkpXVCJ9.eyJ1c2VybmFtZSI6ImFkbWluIiwiaWF0IjoxNTc4MjY4NDE3fQ.xz2Ut55bZRdGeEXsNUEH6Lh9phFo_-UfF3kuhI79PsE', 1, '2020-01-05 23:53:37', '2020-01-05 23:53:37'),
(72, 'eyJhbGciOiJIUzI1NiIsInR5cCI6IkpXVCJ9.eyJ1c2VybmFtZSI6ImFkbWluIiwiaWF0IjoxNTc4MjY4NDU3fQ.zeL30AL81S699iVsL2se2NZjhVGWrAEmEeKByU-vB6U', 0, '2020-01-05 23:54:17', '2020-01-05 23:54:17'),
(73, 'eyJhbGciOiJIUzI1NiIsInR5cCI6IkpXVCJ9.eyJ1c2VybmFtZSI6ImFya2FkZW15IiwiaWF0IjoxNTc4Mjc3Njg4fQ.IIm0i9hkO4DR5QfIXSpxvZwmTyvsmcvP7T_4OddwZ8o', 1, '2020-01-06 02:28:08', '2020-01-06 02:28:08'),
(74, 'eyJhbGciOiJIUzI1NiIsInR5cCI6IkpXVCJ9.eyJ1c2VybmFtZSI6ImFya2FkZW15IiwiaWF0IjoxNTc4Mjc3ODA0fQ.zN07Y2TizFi0jvDBimQRyBhc49hJy8akA-T7XOkHJ-c', 0, '2020-01-06 02:30:04', '2020-01-06 02:30:04'),
(75, 'eyJhbGciOiJIUzI1NiIsInR5cCI6IkpXVCJ9.eyJ1c2VybmFtZSI6ImFya2FkZW15IiwiaWF0IjoxNTc4NDExMzgyfQ.f2cUSOoD7OUYEASlH-T_y3N27Km2Ex5D7b1EDg6GP3k', 0, '2020-01-07 15:36:22', '2020-01-07 15:36:22'),
(76, 'eyJhbGciOiJIUzI1NiIsInR5cCI6IkpXVCJ9.eyJ1c2VybmFtZSI6ImFtdWRpYSIsImlhdCI6MTU3ODQxNjA1NH0.8c65FO0sEes9jBeOz5eQz6ZUyjaK7cIJKtdQoTNQFGk', 1, '2020-01-07 16:54:14', '2020-01-07 16:54:14'),
(77, 'eyJhbGciOiJIUzI1NiIsInR5cCI6IkpXVCJ9.eyJ1c2VybmFtZSI6ImFtdWRpYSIsImlhdCI6MTU3ODQxNjM3MH0.eKZOtywhzlWDUp-hWldqeMqLf88X6IA1SXv4PKZA_0s', 1, '2020-01-07 16:59:30', '2020-01-07 16:59:30'),
(78, 'eyJhbGciOiJIUzI1NiIsInR5cCI6IkpXVCJ9.eyJ1c2VybmFtZSI6ImFtdWRpYSIsImlhdCI6MTU3ODQxNjQ2NH0.u9lyONVNFfnhOir0lR8LHnmapElIp2p2_6VDSjIS57A', 1, '2020-01-07 17:01:04', '2020-01-07 17:01:04'),
(79, 'eyJhbGciOiJIUzI1NiIsInR5cCI6IkpXVCJ9.eyJ1c2VybmFtZSI6ImFtdWRpYSIsImlhdCI6MTU3ODQxODMxM30.YPfgdCmF33BVF7CEIoqJSc3T4-Ncm9oosAEASJxyQM8', 1, '2020-01-07 17:31:53', '2020-01-07 17:31:53'),
(80, 'eyJhbGciOiJIUzI1NiIsInR5cCI6IkpXVCJ9.eyJ1c2VybmFtZSI6ImFtdWRpYSIsImlhdCI6MTU3ODQxODMzMn0.zfLafd_cCyq00LsnS5T49CpGTDcLLP5b7l8Q71ICZus', 1, '2020-01-07 17:32:12', '2020-01-07 17:32:12'),
(81, 'eyJhbGciOiJIUzI1NiIsInR5cCI6IkpXVCJ9.eyJ1c2VybmFtZSI6ImFtdWRpYSIsImlhdCI6MTU3ODQxODM2Nn0.lCShNwzgbYSjrV_zZhNb0ozVN62r8IrTi76hn-gS1m8', 1, '2020-01-07 17:32:46', '2020-01-07 17:32:46'),
(82, 'eyJhbGciOiJIUzI1NiIsInR5cCI6IkpXVCJ9.eyJ1c2VybmFtZSI6ImFtdWRpYSIsImlhdCI6MTU3ODQxODQ2Nn0.wY7TWSaRQgDnxA-1JkRRHjykk-9hn0lMbVCV9Kyczh4', 0, '2020-01-07 17:34:26', '2020-01-07 17:34:26'),
(83, 'eyJhbGciOiJIUzI1NiIsInR5cCI6IkpXVCJ9.eyJ1c2VybmFtZSI6ImFkbWluIiwiaWF0IjoxNTc4NDc1NTcxfQ.F4I6VzMoxeDTpkSC5dyCmXhD6J3nxWoX3LAKmmlhmzg', 1, '2020-01-08 09:26:11', '2020-01-08 09:26:11'),
(84, 'eyJhbGciOiJIUzI1NiIsInR5cCI6IkpXVCJ9.eyJ1c2VybmFtZSI6ImFkbWluIiwiaWF0IjoxNTc4NDc3NTc0fQ.s1q1Y82BWO9xdhlYTg-OysNZ7u8v2bfbWaW53vn-Oo8', 0, '2020-01-08 09:59:34', '2020-01-08 09:59:34'),
(85, 'eyJhbGciOiJIUzI1NiIsInR5cCI6IkpXVCJ9.eyJ1c2VybmFtZSI6ImFkbWluIiwiaWF0IjoxNTc4NTM5MTM1fQ.TxliyL-PNIfwbl7NH4QO6a-60y2E1zEMG8i8uk50uLE', 1, '2020-01-09 03:05:35', '2020-01-09 03:05:35'),
(86, 'eyJhbGciOiJIUzI1NiIsInR5cCI6IkpXVCJ9.eyJ1c2VybmFtZSI6ImFkbWluIiwiaWF0IjoxNTc4NTQ5NDk5fQ.x8RyfSrtIRyZhG8BW33CjCkg6I4c1pHLNwi71EhVB-0', 1, '2020-01-09 05:58:19', '2020-01-09 05:58:19'),
(87, 'eyJhbGciOiJIUzI1NiIsInR5cCI6IkpXVCJ9.eyJ1c2VybmFtZSI6ImFkbWluIiwiaWF0IjoxNTc4NTQ5NjUzfQ.s6yLk-JQ-CEtayDAaAHpsj_uy15gtlQED0b3L5Hkz0Q', 1, '2020-01-09 06:00:53', '2020-01-09 06:00:53'),
(88, 'eyJhbGciOiJIUzI1NiIsInR5cCI6IkpXVCJ9.eyJ1c2VybmFtZSI6ImFtdWRpYSIsImlhdCI6MTU3ODU1MjQxM30.Tp6jyvMjJJMLcoQBHC1JV43GgWBzL-yBXB7f8o5uJOA', 1, '2020-01-09 06:46:53', '2020-01-09 06:46:53'),
(89, 'eyJhbGciOiJIUzI1NiIsInR5cCI6IkpXVCJ9.eyJpZCI6MSwidXNlcm5hbWUiOiJhZG1pbiIsImlhdCI6MTU3ODU1Mzk3NX0.Qly-gzGT_8VifdK_IAQU74Yk6IwysbfNYg7xLw7zypk', 0, '2020-01-09 07:12:55', '2020-01-09 07:12:55'),
(90, 'eyJhbGciOiJIUzI1NiIsInR5cCI6IkpXVCJ9.eyJpZCI6MSwidXNlcm5hbWUiOiJhZG1pbiIsImlhdCI6MTU3ODU1NDAxN30.-NwsMvf7LXyz_TZ3l7PMeru9tu4fufgvZRvZeEmrmkg', 0, '2020-01-09 07:13:37', '2020-01-09 07:13:37'),
(91, 'eyJhbGciOiJIUzI1NiIsInR5cCI6IkpXVCJ9.eyJpZCI6MSwidXNlcm5hbWUiOiJhZG1pbiIsImlhdCI6MTU3ODY3Mzk3N30.k6MNR7-c6WvafqveqvYPEg1cga2E5fUHPE9H0j4d2X0', 1, '2020-01-10 16:32:57', '2020-01-10 16:32:57'),
(92, 'eyJhbGciOiJIUzI1NiIsInR5cCI6IkpXVCJ9.eyJpZCI6MSwidXNlcm5hbWUiOiJhZG1pbiIsImlhdCI6MTU3ODcyMzA2Nn0.yZNRFTXMm2BPsvwSQNyZZXb0FFmJHea5Zx4eNPmPwMA', 0, '2020-01-11 06:11:06', '2020-01-11 06:11:06'),
(93, 'eyJhbGciOiJIUzI1NiIsInR5cCI6IkpXVCJ9.eyJpZCI6MSwidXNlcm5hbWUiOiJhZG1pbiIsImlhdCI6MTU3ODcyNzQ3Mn0.RDoE3eoGDKUAF6ukumAMHeS2xPvayRVaGyzQJBa4vqY', 1, '2020-01-11 07:24:32', '2020-01-11 07:24:32'),
(94, 'eyJhbGciOiJIUzI1NiIsInR5cCI6IkpXVCJ9.eyJpZCI6MSwidXNlcm5hbWUiOiJhZG1pbiIsImlhdCI6MTU3ODczMDI4M30.tt39lrsrMMfZoeq1f34yTNyp-tfo1Zqa6yIkGXLtyBs', 1, '2020-01-11 08:11:23', '2020-01-11 08:11:23'),
(95, 'eyJhbGciOiJIUzI1NiIsInR5cCI6IkpXVCJ9.eyJpZCI6MSwidXNlcm5hbWUiOiJhZG1pbiIsImlhdCI6MTU3ODczMTY2M30.vu01BvIDavImcty9Yz5F-Yl14x2mN6o6IfOw1QpsC8U', 0, '2020-01-11 08:34:23', '2020-01-11 08:34:23'),
(96, 'eyJhbGciOiJIUzI1NiIsInR5cCI6IkpXVCJ9.eyJpZCI6MSwidXNlcm5hbWUiOiJhZG1pbiIsImlhdCI6MTU3ODgyMzM1MX0.Zq4YEnUnFcElj1NUzaEkB9cdBCEswg4O5h0xBkTg6ZM', 0, '2020-01-12 10:02:31', '2020-01-12 10:02:31'),
(97, 'eyJhbGciOiJIUzI1NiIsInR5cCI6IkpXVCJ9.eyJpZCI6MSwidXNlcm5hbWUiOiJhZG1pbiIsImlhdCI6MTU3ODg1Mjk4MH0.hISmnxHBau9pOqUh_15A3poxJ7jixWK12bblNzJn7qE', 0, '2020-01-12 18:16:20', '2020-01-12 18:16:20'),
(98, 'eyJhbGciOiJIUzI1NiIsInR5cCI6IkpXVCJ9.eyJpZCI6MiwidXNlcm5hbWUiOiJhbXVkaWEiLCJpYXQiOjE1Nzg4ODE0NDB9.pjvca6CQSO-HmMQW4eajXzT59mvpkhnHK-VsNkezh2g', 1, '2020-01-13 02:10:40', '2020-01-13 02:10:40'),
(99, 'eyJhbGciOiJIUzI1NiIsInR5cCI6IkpXVCJ9.eyJpZCI6MSwidXNlcm5hbWUiOiJhZG1pbiIsImlhdCI6MTU3ODg4MjM2M30.sxTpZ2Z_4nUT10BP56IwYalCm_UJoJR3mnnPNsqbYrQ', 0, '2020-01-13 02:26:03', '2020-01-13 02:26:03'),
(100, 'eyJhbGciOiJIUzI1NiIsInR5cCI6IkpXVCJ9.eyJpZCI6MiwidXNlcm5hbWUiOiJhbXVkaWEiLCJpYXQiOjE1Nzg4ODM3OTZ9.jjCVlZcgKjDFi0giKZjX6nAGJcodH_2cAOYKmLKi8xI', 1, '2020-01-13 02:49:56', '2020-01-13 02:49:56'),
(101, 'eyJhbGciOiJIUzI1NiIsInR5cCI6IkpXVCJ9.eyJpZCI6MiwidXNlcm5hbWUiOiJhbXVkaWEiLCJpYXQiOjE1Nzg4ODU0NTd9.2HQPO7E5Xe1nZoerKpAg_HIQL9XH4HKe0fZ1BH7Fn3o', 1, '2020-01-13 03:17:37', '2020-01-13 03:17:37'),
(102, 'eyJhbGciOiJIUzI1NiIsInR5cCI6IkpXVCJ9.eyJ1c2VybmFtZSI6ImFkbWluIiwiaWF0IjoxNTc5NDU5NTEyfQ.EwEUdBcT90Wj373WlyZvpsebTzxgVijzgdRmh49yYBo', 0, '2020-01-19 18:45:12', '2020-01-19 18:45:12'),
(103, 'eyJhbGciOiJIUzI1NiIsInR5cCI6IkpXVCJ9.eyJ1c2VybmFtZSI6ImFkbWluIiwiaWF0IjoxNTc5NDY1MDI2fQ.3RwqI36-UfxrSxRdQChjT2JNsGp6a-AbAGngaxQykDg', 0, '2020-01-19 20:17:06', '2020-01-19 20:17:06'),
(104, 'eyJhbGciOiJIUzI1NiIsInR5cCI6IkpXVCJ9.eyJ1c2VybmFtZSI6ImFkbWluIiwiaWF0IjoxNTc5NDY1MDI5fQ.DMFxZulesXp_ioP92wwelGZcmudAzmi_kCMWGPOKTHw', 0, '2020-01-19 20:17:09', '2020-01-19 20:17:09'),
(105, 'eyJhbGciOiJIUzI1NiIsInR5cCI6IkpXVCJ9.eyJ1c2VybmFtZSI6ImFkbWluIiwiaWF0IjoxNTc5NDY1MDQ3fQ.5fY1VkfxqAQkAJvQF5XDoIrBVr7cAyRGUehqlffRSfw', 0, '2020-01-19 20:17:27', '2020-01-19 20:17:27'),
(106, 'eyJhbGciOiJIUzI1NiIsInR5cCI6IkpXVCJ9.eyJ1c2VybmFtZSI6ImFkbWluIiwiaWF0IjoxNTc5NDY1MDUxfQ.4H-2DRrj5xog6yrpsj1lhMeVx1KORrLxiZbb-fiH6qU', 0, '2020-01-19 20:17:31', '2020-01-19 20:17:31'),
(107, 'eyJhbGciOiJIUzI1NiIsInR5cCI6IkpXVCJ9.eyJ1c2VybmFtZSI6ImFkbWluIiwiaWF0IjoxNTc5NDY1MDUyfQ.cOULLEq60SM7eiVTWGMRwwMfNl0d-kzXgXyuYftjEfM', 0, '2020-01-19 20:17:32', '2020-01-19 20:17:32'),
(108, 'eyJhbGciOiJIUzI1NiIsInR5cCI6IkpXVCJ9.eyJ1c2VybmFtZSI6ImFkbWluIiwiaWF0IjoxNTc5NDY1MDUyfQ.cOULLEq60SM7eiVTWGMRwwMfNl0d-kzXgXyuYftjEfM', 0, '2020-01-19 20:17:32', '2020-01-19 20:17:32'),
(109, 'eyJhbGciOiJIUzI1NiIsInR5cCI6IkpXVCJ9.eyJ1c2VybmFtZSI6ImFkbWluIiwiaWF0IjoxNTc5NDY1MDU2fQ.JFIc0Z61yDuwdQD3cU3qa20OOO-k7R7joVZauTu9igA', 0, '2020-01-19 20:17:36', '2020-01-19 20:17:36'),
(110, 'eyJhbGciOiJIUzI1NiIsInR5cCI6IkpXVCJ9.eyJ1c2VybmFtZSI6ImFkbWluIiwiaWF0IjoxNTc5NDY1MDkzfQ.MNnWRKrrzjdWtX01S24sWC8yXqYUQ79MlO1H1sZYBE0', 0, '2020-01-19 20:18:13', '2020-01-19 20:18:13'),
(111, 'eyJhbGciOiJIUzI1NiIsInR5cCI6IkpXVCJ9.eyJ1c2VybmFtZSI6ImFkbWluIiwiaWF0IjoxNTc5NDY1NTA1fQ.60jREOwLhm4p2glC7nH1iuQH2vwlYPgKm9zBYR6Eih4', 0, '2020-01-19 20:25:05', '2020-01-19 20:25:05'),
(112, 'eyJhbGciOiJIUzI1NiIsInR5cCI6IkpXVCJ9.eyJ1c2VybmFtZSI6ImFkbWluIiwiaWF0IjoxNTc5NDY1NTM0fQ.jFWmdboP_VJKfonM8h2eNmpbuYz52HM3oMLZW4KNB_Y', 0, '2020-01-19 20:25:34', '2020-01-19 20:25:34'),
(113, 'eyJhbGciOiJIUzI1NiIsInR5cCI6IkpXVCJ9.eyJ1c2VybmFtZSI6ImFkbWluIiwiaWF0IjoxNTc5NDY1OTIxfQ.WRR7ASvBrOICxLCeUhQIFfSBwc1IcOz5CwdUZVlBfqY', 0, '2020-01-19 20:32:01', '2020-01-19 20:32:01'),
(114, 'eyJhbGciOiJIUzI1NiIsInR5cCI6IkpXVCJ9.eyJ1c2VybmFtZSI6ImFkbWluIiwiaWF0IjoxNTc5NDY1OTI0fQ.nVoGPDijD9nUIqyLIc0cU5vY5m47gSKmn3PiwxRVh5s', 0, '2020-01-19 20:32:04', '2020-01-19 20:32:04'),
(115, 'eyJhbGciOiJIUzI1NiIsInR5cCI6IkpXVCJ9.eyJ1c2VybmFtZSI6ImFkbWluIiwiaWF0IjoxNTc5NDY1OTI0fQ.nVoGPDijD9nUIqyLIc0cU5vY5m47gSKmn3PiwxRVh5s', 0, '2020-01-19 20:32:04', '2020-01-19 20:32:04'),
(116, 'eyJhbGciOiJIUzI1NiIsInR5cCI6IkpXVCJ9.eyJ1c2VybmFtZSI6ImFkbWluIiwiaWF0IjoxNTc5NDY1OTI0fQ.nVoGPDijD9nUIqyLIc0cU5vY5m47gSKmn3PiwxRVh5s', 0, '2020-01-19 20:32:04', '2020-01-19 20:32:04'),
(117, 'eyJhbGciOiJIUzI1NiIsInR5cCI6IkpXVCJ9.eyJ1c2VybmFtZSI6ImFkbWluIiwiaWF0IjoxNTc5NDY1OTI4fQ.M5q9WAw9rUVEBMnlwP-0O2chjk6t3FOH34OfGPOHXac', 0, '2020-01-19 20:32:08', '2020-01-19 20:32:08'),
(118, 'eyJhbGciOiJIUzI1NiIsInR5cCI6IkpXVCJ9.eyJ1c2VybmFtZSI6ImFkbWluIiwiaWF0IjoxNTc5NDY2MDM2fQ.8Yf6zhtWyDs6V5SlXbWjrRAOF25GOtSAWbkkRkxC-A0', 0, '2020-01-19 20:33:56', '2020-01-19 20:33:56'),
(119, 'eyJhbGciOiJIUzI1NiIsInR5cCI6IkpXVCJ9.eyJ1c2VybmFtZSI6ImFkbWluIiwiaWF0IjoxNTc5NDY2MjcwfQ.pzFLRdT1UjbGDqtEvlokxTxm85Zg9gNKZlRyALfMXNU', 0, '2020-01-19 20:37:50', '2020-01-19 20:37:50'),
(120, 'eyJhbGciOiJIUzI1NiIsInR5cCI6IkpXVCJ9.eyJ1c2VybmFtZSI6ImFkbWluIiwiaWF0IjoxNTc5NDY2Mjc1fQ.g6vGu9MDajdNq_m9R-8CH2g4SVTUNAj4pXWyG9ufesA', 0, '2020-01-19 20:37:55', '2020-01-19 20:37:55'),
(121, 'eyJhbGciOiJIUzI1NiIsInR5cCI6IkpXVCJ9.eyJ1c2VybmFtZSI6ImFkbWluIiwiaWF0IjoxNTc5NDY2NDM2fQ.Bo6ok-mGu3uioD_wroNf5lyYsdF2X-FILadImknuQ3k', 0, '2020-01-19 20:40:36', '2020-01-19 20:40:36'),
(122, 'eyJhbGciOiJIUzI1NiIsInR5cCI6IkpXVCJ9.eyJ1c2VybmFtZSI6ImFkbWluIiwiaWF0IjoxNTc5NDY2NjI4fQ.RHOPzRrvAY6oTRxt7R1A0cIuOFPhbCjWQUD2NdGwysA', 0, '2020-01-19 20:43:48', '2020-01-19 20:43:48'),
(123, 'eyJhbGciOiJIUzI1NiIsInR5cCI6IkpXVCJ9.eyJ1c2VybmFtZSI6ImFkbWluIiwiaWF0IjoxNTc5NDY2NjM4fQ.0BRS0mcZv55YoPxhBi6_lJiL2LIZNVpDl_VC8uUDFow', 0, '2020-01-19 20:43:58', '2020-01-19 20:43:58'),
(124, 'eyJhbGciOiJIUzI1NiIsInR5cCI6IkpXVCJ9.eyJ1c2VybmFtZSI6ImFkbWluIiwiaWF0IjoxNTc5NDY3MDcxfQ.tC74FiepmP4qWpDVqF51myykU5hp4aKRjI9D7Cy3MOU', 0, '2020-01-19 20:51:11', '2020-01-19 20:51:11'),
(125, 'eyJhbGciOiJIUzI1NiIsInR5cCI6IkpXVCJ9.eyJ1c2VybmFtZSI6ImFkbWluIiwiaWF0IjoxNTc5NDY3MDg2fQ.Fgzb8Me-pIE-1x7e9_5kjhfubyw84Z-k7wLPaLO1gO0', 0, '2020-01-19 20:51:26', '2020-01-19 20:51:26'),
(126, 'eyJhbGciOiJIUzI1NiIsInR5cCI6IkpXVCJ9.eyJ1c2VybmFtZSI6ImFkbWluIiwiaWF0IjoxNTc5NDY3NzcyfQ.fK2bnBjbaU6rBTM0VXq2E_4Si7zd_qtSPPB2vUjiwGU', 0, '2020-01-19 21:02:52', '2020-01-19 21:02:52'),
(127, 'eyJhbGciOiJIUzI1NiIsInR5cCI6IkpXVCJ9.eyJ1c2VybmFtZSI6ImFkbWluIiwiaWF0IjoxNTc5NDkwMzg0fQ.lGMgOCy_OJvrxlhdtpn9qZW7Ml-3YIVthg3Bsl8it2M', 0, '2020-01-20 03:19:44', '2020-01-20 03:19:44'),
(128, 'eyJhbGciOiJIUzI1NiIsInR5cCI6IkpXVCJ9.eyJ1c2VybmFtZSI6ImFkbWluIiwiaWF0IjoxNTc5NDkwNjE2fQ.ABINc0o7yMmgwUZwkrrtvxo9DGkC_D6F-2CXDba-d04', 0, '2020-01-20 03:23:36', '2020-01-20 03:23:36'),
(129, 'eyJhbGciOiJIUzI1NiIsInR5cCI6IkpXVCJ9.eyJ1c2VybmFtZSI6ImFkbWluIiwiaWF0IjoxNTc5NDkwNjE5fQ.sGelGTnNnbIThhERqlEyQH6TTOwcgh2St7f4OUM669k', 0, '2020-01-20 03:23:39', '2020-01-20 03:23:39'),
(130, 'eyJhbGciOiJIUzI1NiIsInR5cCI6IkpXVCJ9.eyJ1c2VybmFtZSI6ImFkbWluIiwiaWF0IjoxNTc5NDkwNjk1fQ.0PoA6vMErcjC5eumR2rdPnFNo-OwieBvxUp3ZbGJHSU', 0, '2020-01-20 03:24:55', '2020-01-20 03:24:55'),
(131, 'eyJhbGciOiJIUzI1NiIsInR5cCI6IkpXVCJ9.eyJ1c2VybmFtZSI6ImFkbWluIiwiaWF0IjoxNTc5NDkwOTcyfQ.xIPDkyRdIBqDDZlgUL4DRLZWZCCQPtAqKJ4oZvc2Blc', 0, '2020-01-20 03:29:32', '2020-01-20 03:29:32'),
(132, 'eyJhbGciOiJIUzI1NiIsInR5cCI6IkpXVCJ9.eyJ1c2VybmFtZSI6ImFkbWluIiwiaWF0IjoxNTc5NDkyMDA0fQ.eQyXdt-MlfU0c57mVarfNjdz-jTfOh6cwcQ5Tv2C7Pg', 0, '2020-01-20 03:46:44', '2020-01-20 03:46:44'),
(133, 'eyJhbGciOiJIUzI1NiIsInR5cCI6IkpXVCJ9.eyJ1c2VybmFtZSI6ImFkbWluIiwiaWF0IjoxNTc5NDkyNjI5fQ.NpVmua7gHk6_9rRZ9Dt4kuziu4yoyL947zypg2zogBs', 0, '2020-01-20 03:57:09', '2020-01-20 03:57:09'),
(134, 'eyJhbGciOiJIUzI1NiIsInR5cCI6IkpXVCJ9.eyJ1c2VybmFtZSI6ImFkbWluIiwiaWF0IjoxNTc5NDkzODQyfQ.QZ6-gSDztIFPQ9YL-kF1iKcFzcRAVwcjg43pzT7bTBI', 0, '2020-01-20 04:17:22', '2020-01-20 04:17:22'),
(135, 'eyJhbGciOiJIUzI1NiIsInR5cCI6IkpXVCJ9.eyJ1c2VybmFtZSI6ImFkbWluIiwiaWF0IjoxNTc5NTk2NTg1fQ.RkuCxQVQKkBNij1VFN6vvpDSnEuL5E0R6bmMuTPUBsQ', 0, '2020-01-21 08:49:45', '2020-01-21 08:49:45'),
(136, 'eyJhbGciOiJIUzI1NiIsInR5cCI6IkpXVCJ9.eyJ1c2VybmFtZSI6ImFkbWluIiwiaWF0IjoxNTc5NTk2NTg3fQ.U8BOjkupHu7LZKqY-rBm_TBULfKBkAXGPDwueZE6gJY', 0, '2020-01-21 08:49:47', '2020-01-21 08:49:47'),
(137, 'eyJhbGciOiJIUzI1NiIsInR5cCI6IkpXVCJ9.eyJ1c2VybmFtZSI6ImFkbWluIiwiaWF0IjoxNTc5NTk2NTg4fQ.6ucf8b_75iseSL6eJGIzz0mq0Jo7xpn29XvtV6veJFM', 0, '2020-01-21 08:49:48', '2020-01-21 08:49:48'),
(138, 'eyJhbGciOiJIUzI1NiIsInR5cCI6IkpXVCJ9.eyJ1c2VybmFtZSI6ImFkbWluIiwiaWF0IjoxNTc5NTk2NTg5fQ.K9kNjNGOAnGskZxBsmmn_lehE8W6INkDycZlt8TSC2g', 0, '2020-01-21 08:49:49', '2020-01-21 08:49:49'),
(139, 'eyJhbGciOiJIUzI1NiIsInR5cCI6IkpXVCJ9.eyJ1c2VybmFtZSI6ImFkbWluIiwiaWF0IjoxNTc5NTk2NTg5fQ.K9kNjNGOAnGskZxBsmmn_lehE8W6INkDycZlt8TSC2g', 0, '2020-01-21 08:49:49', '2020-01-21 08:49:49'),
(140, 'eyJhbGciOiJIUzI1NiIsInR5cCI6IkpXVCJ9.eyJ1c2VybmFtZSI6ImFkbWluIiwiaWF0IjoxNTc5NTk2NTg5fQ.K9kNjNGOAnGskZxBsmmn_lehE8W6INkDycZlt8TSC2g', 0, '2020-01-21 08:49:49', '2020-01-21 08:49:49'),
(141, 'eyJhbGciOiJIUzI1NiIsInR5cCI6IkpXVCJ9.eyJ1c2VybmFtZSI6ImFkbWluIiwiaWF0IjoxNTc5NTk2NTk2fQ.d8jbNVc0rCBYTlZK7mB0TcqA5HZq7SIE3Jx9kWWaKmQ', 0, '2020-01-21 08:49:56', '2020-01-21 08:49:56'),
(142, 'eyJhbGciOiJIUzI1NiIsInR5cCI6IkpXVCJ9.eyJ1c2VybmFtZSI6ImFkbWluIiwiaWF0IjoxNTc5NTk2NTk2fQ.d8jbNVc0rCBYTlZK7mB0TcqA5HZq7SIE3Jx9kWWaKmQ', 0, '2020-01-21 08:49:56', '2020-01-21 08:49:56'),
(143, 'eyJhbGciOiJIUzI1NiIsInR5cCI6IkpXVCJ9.eyJ1c2VybmFtZSI6ImFkbWluIiwiaWF0IjoxNTc5NTk2NTk2fQ.d8jbNVc0rCBYTlZK7mB0TcqA5HZq7SIE3Jx9kWWaKmQ', 0, '2020-01-21 08:49:56', '2020-01-21 08:49:56'),
(144, 'eyJhbGciOiJIUzI1NiIsInR5cCI6IkpXVCJ9.eyJ1c2VybmFtZSI6ImFkbWluIiwiaWF0IjoxNTc5NTk2NTk2fQ.d8jbNVc0rCBYTlZK7mB0TcqA5HZq7SIE3Jx9kWWaKmQ', 0, '2020-01-21 08:49:56', '2020-01-21 08:49:56'),
(145, 'eyJhbGciOiJIUzI1NiIsInR5cCI6IkpXVCJ9.eyJ1c2VybmFtZSI6ImFkbWluIiwiaWF0IjoxNTc5NTk2NTk2fQ.d8jbNVc0rCBYTlZK7mB0TcqA5HZq7SIE3Jx9kWWaKmQ', 0, '2020-01-21 08:49:56', '2020-01-21 08:49:56'),
(146, 'eyJhbGciOiJIUzI1NiIsInR5cCI6IkpXVCJ9.eyJ1c2VybmFtZSI6ImFkbWluIiwiaWF0IjoxNTc5NTk2NjIyfQ.1ul7dhKDYSIhsDgyI7qVu0i5iiSZTZuzPHdgzRpPbNw', 0, '2020-01-21 08:50:22', '2020-01-21 08:50:22'),
(147, 'eyJhbGciOiJIUzI1NiIsInR5cCI6IkpXVCJ9.eyJ1c2VybmFtZSI6ImFkbWluIiwiaWF0IjoxNTc5NTk2NjIyfQ.1ul7dhKDYSIhsDgyI7qVu0i5iiSZTZuzPHdgzRpPbNw', 0, '2020-01-21 08:50:22', '2020-01-21 08:50:22'),
(148, 'eyJhbGciOiJIUzI1NiIsInR5cCI6IkpXVCJ9.eyJ1c2VybmFtZSI6ImFkbWluIiwiaWF0IjoxNTc5NTk2NjIyfQ.1ul7dhKDYSIhsDgyI7qVu0i5iiSZTZuzPHdgzRpPbNw', 0, '2020-01-21 08:50:22', '2020-01-21 08:50:22'),
(149, 'eyJhbGciOiJIUzI1NiIsInR5cCI6IkpXVCJ9.eyJ1c2VybmFtZSI6ImFkbWluIiwiaWF0IjoxNTc5NTk2NjIyfQ.1ul7dhKDYSIhsDgyI7qVu0i5iiSZTZuzPHdgzRpPbNw', 0, '2020-01-21 08:50:22', '2020-01-21 08:50:22'),
(150, 'eyJhbGciOiJIUzI1NiIsInR5cCI6IkpXVCJ9.eyJ1c2VybmFtZSI6ImFkbWluIiwiaWF0IjoxNTc5NTk2NjIyfQ.1ul7dhKDYSIhsDgyI7qVu0i5iiSZTZuzPHdgzRpPbNw', 0, '2020-01-21 08:50:22', '2020-01-21 08:50:22'),
(151, 'eyJhbGciOiJIUzI1NiIsInR5cCI6IkpXVCJ9.eyJ1c2VybmFtZSI6ImFkbWluIiwiaWF0IjoxNTc5NTk5MTY1fQ.A4ydoPBXB7xcSBhtok3ipiACdaQINxAjO1N3MwD0XZA', 0, '2020-01-21 09:32:45', '2020-01-21 09:32:45'),
(152, 'eyJhbGciOiJIUzI1NiIsInR5cCI6IkpXVCJ9.eyJ1c2VybmFtZSI6ImFkbWluIiwiaWF0IjoxNTc5NTk5MjM1fQ.gEVqb5wg9_-i5_tOJa_TaIcZEHfQZEuptX2ShlE8sS4', 0, '2020-01-21 09:33:55', '2020-01-21 09:33:55'),
(153, 'eyJhbGciOiJIUzI1NiIsInR5cCI6IkpXVCJ9.eyJ1c2VybmFtZSI6ImFkbWluIiwiaWF0IjoxNTc5NTk5MjQ2fQ.W9ZT-1_FTr86nmNfkKdUrKxm-FMd2vBJJVUO9xVYtJs', 0, '2020-01-21 09:34:06', '2020-01-21 09:34:06'),
(154, 'eyJhbGciOiJIUzI1NiIsInR5cCI6IkpXVCJ9.eyJ1c2VybmFtZSI6ImFkbWluIiwiaWF0IjoxNTc5NTk5MjUyfQ.A-MYYoz7NaIKJSw1kY6erVHnSJaxh8dwWaKEj2jCq0g', 0, '2020-01-21 09:34:12', '2020-01-21 09:34:12'),
(155, 'eyJhbGciOiJIUzI1NiIsInR5cCI6IkpXVCJ9.eyJ1c2VybmFtZSI6ImFkbWluIiwiaWF0IjoxNTc5NTk5MjUzfQ.Ck8fPSf-I5SlayYbEj1ZP--1rXIMohNp--SUOFtbShc', 0, '2020-01-21 09:34:13', '2020-01-21 09:34:13'),
(156, 'eyJhbGciOiJIUzI1NiIsInR5cCI6IkpXVCJ9.eyJ1c2VybmFtZSI6ImFkbWluIiwiaWF0IjoxNTc5NTk5MjUzfQ.Ck8fPSf-I5SlayYbEj1ZP--1rXIMohNp--SUOFtbShc', 0, '2020-01-21 09:34:13', '2020-01-21 09:34:13'),
(157, 'eyJhbGciOiJIUzI1NiIsInR5cCI6IkpXVCJ9.eyJ1c2VybmFtZSI6ImFkbWluIiwiaWF0IjoxNTc5NTk5Mjk4fQ.AUfV3Ta4_vX50qeIasJaUz_gK7DjLzMi0Jdltfrj69s', 0, '2020-01-21 09:34:58', '2020-01-21 09:34:58'),
(158, 'eyJhbGciOiJIUzI1NiIsInR5cCI6IkpXVCJ9.eyJ1c2VybmFtZSI6ImFkbWluIiwiaWF0IjoxNTc5NTk5MzAwfQ.YmtVmzlJSlfpTupN75vhI6Nx_jn1QYZSGhzjyWEgaPw', 0, '2020-01-21 09:35:00', '2020-01-21 09:35:00'),
(159, 'eyJhbGciOiJIUzI1NiIsInR5cCI6IkpXVCJ9.eyJ1c2VybmFtZSI6ImFkbWluIiwiaWF0IjoxNTc5NTk5MzYzfQ.xemLHwHbzopgW8aFjOhcsbCEEUO6j2QPQlgEaAtLhg0', 0, '2020-01-21 09:36:03', '2020-01-21 09:36:03'),
(160, 'eyJhbGciOiJIUzI1NiIsInR5cCI6IkpXVCJ9.eyJ1c2VybmFtZSI6ImFkbWluIiwiaWF0IjoxNTc5NTk5MzY1fQ.1N9yno5BM-De6PlwPEKliRyYa44Sod1BuRJEwDkS3Co', 0, '2020-01-21 09:36:05', '2020-01-21 09:36:05'),
(161, 'eyJhbGciOiJIUzI1NiIsInR5cCI6IkpXVCJ9.eyJ1c2VybmFtZSI6ImFkbWluIiwiaWF0IjoxNTc5NTk5MzY1fQ.1N9yno5BM-De6PlwPEKliRyYa44Sod1BuRJEwDkS3Co', 0, '2020-01-21 09:36:05', '2020-01-21 09:36:05'),
(162, 'eyJhbGciOiJIUzI1NiIsInR5cCI6IkpXVCJ9.eyJ1c2VybmFtZSI6ImFkbWluIiwiaWF0IjoxNTc5NTk5NDA2fQ.6Zgmvgdr4T6cRfaL81PHB2r9ZyIL_jSz4t79ZWpfc5M', 0, '2020-01-21 09:36:46', '2020-01-21 09:36:46'),
(163, 'eyJhbGciOiJIUzI1NiIsInR5cCI6IkpXVCJ9.eyJ1c2VybmFtZSI6ImFtdWRpYSIsImlhdCI6MTU3OTU5OTQ1MX0.VVJQHw-O_ZR4iXLbuMfFGklL3OHOomb3WzIQpqla4Oc', 0, '2020-01-21 09:37:31', '2020-01-21 09:37:31'),
(164, 'eyJhbGciOiJIUzI1NiIsInR5cCI6IkpXVCJ9.eyJ1c2VybmFtZSI6ImFkbWluIiwiaWF0IjoxNTc5NTk5NTQxfQ.sH8b_FuzD2OOcWoXVLVNldmqyKFQborUYB9OleX5Qn4', 0, '2020-01-21 09:39:01', '2020-01-21 09:39:01'),
(165, 'eyJhbGciOiJIUzI1NiIsInR5cCI6IkpXVCJ9.eyJ1c2VybmFtZSI6ImFkbWluIiwiaWF0IjoxNTc5NTk5ODk5fQ.B9cJ1-BL9A8DTPhGWSTmCMwUziCp0Fe6FS2hxaUqbko', 0, '2020-01-21 09:44:59', '2020-01-21 09:44:59'),
(166, 'eyJhbGciOiJIUzI1NiIsInR5cCI6IkpXVCJ9.eyJ1c2VybmFtZSI6ImFkbWluIiwiaWF0IjoxNTc5NTk5OTAyfQ.QxPR5pR4IR73NU0EaOv80k9UKMcWtXjTidsEGOaH0U0', 0, '2020-01-21 09:45:02', '2020-01-21 09:45:02'),
(167, 'eyJhbGciOiJIUzI1NiIsInR5cCI6IkpXVCJ9.eyJ1c2VybmFtZSI6ImFkbWluIiwiaWF0IjoxNTc5NTk5OTAyfQ.QxPR5pR4IR73NU0EaOv80k9UKMcWtXjTidsEGOaH0U0', 0, '2020-01-21 09:45:02', '2020-01-21 09:45:02'),
(168, 'eyJhbGciOiJIUzI1NiIsInR5cCI6IkpXVCJ9.eyJ1c2VybmFtZSI6ImFkbWluIiwiaWF0IjoxNTc5NjAwMzU0fQ.pk7VnCgGMXHaZaiTgGghatiuxjdyvTnlgaFOcgMSlhQ', 0, '2020-01-21 09:52:34', '2020-01-21 09:52:34'),
(169, 'eyJhbGciOiJIUzI1NiIsInR5cCI6IkpXVCJ9.eyJ1c2VybmFtZSI6ImFkbWluIiwiaWF0IjoxNTc5NjAwMzU2fQ.MAo0VVZlB4XzL1hnPWLn48Sj7zSHm4vNNz_QpQqza0I', 0, '2020-01-21 09:52:36', '2020-01-21 09:52:36'),
(170, 'eyJhbGciOiJIUzI1NiIsInR5cCI6IkpXVCJ9.eyJ1c2VybmFtZSI6ImFkbWluIiwiaWF0IjoxNTc5NjAwMzU2fQ.MAo0VVZlB4XzL1hnPWLn48Sj7zSHm4vNNz_QpQqza0I', 0, '2020-01-21 09:52:36', '2020-01-21 09:52:36'),
(171, 'eyJhbGciOiJIUzI1NiIsInR5cCI6IkpXVCJ9.eyJ1c2VybmFtZSI6ImFkbWluIiwiaWF0IjoxNTc5NjAwMzk1fQ.SdOSjdQJWm0sO2IdN283UTjfIp1s4Qv8lj1baxWMhSw', 0, '2020-01-21 09:53:15', '2020-01-21 09:53:15'),
(172, 'eyJhbGciOiJIUzI1NiIsInR5cCI6IkpXVCJ9.eyJ1c2VybmFtZSI6ImFkbWluIiwiaWF0IjoxNTc5NjAwNDA1fQ.jeHYyzHHjIJUnR3hQbNeJaNySwWYfsQKhaMIjUt8Tpw', 0, '2020-01-21 09:53:25', '2020-01-21 09:53:25'),
(173, 'eyJhbGciOiJIUzI1NiIsInR5cCI6IkpXVCJ9.eyJ1c2VybmFtZSI6ImFkbWluIiwiaWF0IjoxNTc5NjAwNTA4fQ.zJu4vJdMplmeEDF3TzkRgUvYvzfUKfehxy5OB20LKrM', 0, '2020-01-21 09:55:08', '2020-01-21 09:55:08'),
(174, 'eyJhbGciOiJIUzI1NiIsInR5cCI6IkpXVCJ9.eyJ1c2VybmFtZSI6ImFkbWluIiwiaWF0IjoxNTc5NjAwNTA4fQ.zJu4vJdMplmeEDF3TzkRgUvYvzfUKfehxy5OB20LKrM', 0, '2020-01-21 09:55:08', '2020-01-21 09:55:08'),
(175, 'eyJhbGciOiJIUzI1NiIsInR5cCI6IkpXVCJ9.eyJ1c2VybmFtZSI6ImFkbWluIiwiaWF0IjoxNTc5NjAwNTMxfQ.gRPHy_DWdGgDpQ6R_DHtBR6ueT-4RM3H5s1Lof4r08I', 0, '2020-01-21 09:55:31', '2020-01-21 09:55:31'),
(176, 'eyJhbGciOiJIUzI1NiIsInR5cCI6IkpXVCJ9.eyJ1c2VybmFtZSI6ImFkbWluIiwiaWF0IjoxNTc5NjAwNzIzfQ.bVvl41brY5d9ef6xiG0I2xOFrcTs35Eu8N95PkulYck', 0, '2020-01-21 09:58:43', '2020-01-21 09:58:43'),
(177, 'eyJhbGciOiJIUzI1NiIsInR5cCI6IkpXVCJ9.eyJ1c2VybmFtZSI6ImFkbWluIiwiaWF0IjoxNTc5NjAwNzU3fQ.ofifqrTnXf94qIgt_muV5Uz70O8hzO7KKN9yEtl6Llc', 0, '2020-01-21 09:59:17', '2020-01-21 09:59:17'),
(178, 'eyJhbGciOiJIUzI1NiIsInR5cCI6IkpXVCJ9.eyJ1c2VybmFtZSI6ImFkbWluIiwiaWF0IjoxNTc5NjAwNzU4fQ.s44s-YIaxF0Us5G61NDQ49_4Z5cfnVDw24qInLlNlhU', 0, '2020-01-21 09:59:18', '2020-01-21 09:59:18'),
(179, 'eyJhbGciOiJIUzI1NiIsInR5cCI6IkpXVCJ9.eyJ1c2VybmFtZSI6ImFkbWluIiwiaWF0IjoxNTc5NjAwNzY1fQ.1pAhmq1-McZ38CO-EhrnnEyLPRAH4r3lTXqsZaf_kCc', 0, '2020-01-21 09:59:25', '2020-01-21 09:59:25'),
(180, 'eyJhbGciOiJIUzI1NiIsInR5cCI6IkpXVCJ9.eyJ1c2VybmFtZSI6ImFkbWluIiwiaWF0IjoxNTc5NjAwODA3fQ.FCdTcYAaoEeV8joBecQ_2b2HuC1oIVyWfj2EAGuE7lE', 0, '2020-01-21 10:00:07', '2020-01-21 10:00:07'),
(181, 'eyJhbGciOiJIUzI1NiIsInR5cCI6IkpXVCJ9.eyJ1c2VybmFtZSI6ImFkbWluIiwiaWF0IjoxNTc5NjAwODY4fQ.69DRnl-c5pX5ddTbd5m2c9IwivnGxlXX2J_3p3lgZ00', 0, '2020-01-21 10:01:08', '2020-01-21 10:01:08'),
(182, 'eyJhbGciOiJIUzI1NiIsInR5cCI6IkpXVCJ9.eyJ1c2VybmFtZSI6ImFkbWluIiwiaWF0IjoxNTc5NjAxMDI5fQ.sOyrTKLuLT_6HiYwGbfv38bqjRJrhaPwVGCCRL3VmVo', 0, '2020-01-21 10:03:49', '2020-01-21 10:03:49'),
(183, 'eyJhbGciOiJIUzI1NiIsInR5cCI6IkpXVCJ9.eyJ1c2VybmFtZSI6ImFkbWluIiwiaWF0IjoxNTc5NjAxMDQxfQ.RWImwyIxbGJ1qvLqZ-NaAl7GjffSNsIC3Hriwf_Xi5U', 0, '2020-01-21 10:04:01', '2020-01-21 10:04:01'),
(184, 'eyJhbGciOiJIUzI1NiIsInR5cCI6IkpXVCJ9.eyJ1c2VybmFtZSI6ImFkbWluIiwiaWF0IjoxNTc5NjAxMDQyfQ.rFyD7vjJ1vGf5QxdEwCsP9GPc3TkkrzzTcfI2Tu1vpo', 0, '2020-01-21 10:04:02', '2020-01-21 10:04:02'),
(185, 'eyJhbGciOiJIUzI1NiIsInR5cCI6IkpXVCJ9.eyJ1c2VybmFtZSI6ImFkbWluIiwiaWF0IjoxNTc5NjAxMDQyfQ.rFyD7vjJ1vGf5QxdEwCsP9GPc3TkkrzzTcfI2Tu1vpo', 0, '2020-01-21 10:04:02', '2020-01-21 10:04:02'),
(186, 'eyJhbGciOiJIUzI1NiIsInR5cCI6IkpXVCJ9.eyJ1c2VybmFtZSI6ImFkbWluIiwiaWF0IjoxNTc5NjAxMDQzfQ.ZTHJYS1uMfx4kMuab4H-IipoZW3He12XUrtLSLncD6g', 0, '2020-01-21 10:04:03', '2020-01-21 10:04:03'),
(187, 'eyJhbGciOiJIUzI1NiIsInR5cCI6IkpXVCJ9.eyJ1c2VybmFtZSI6ImFkbWluIiwiaWF0IjoxNTc5NjAxMDQzfQ.ZTHJYS1uMfx4kMuab4H-IipoZW3He12XUrtLSLncD6g', 0, '2020-01-21 10:04:03', '2020-01-21 10:04:03'),
(188, 'eyJhbGciOiJIUzI1NiIsInR5cCI6IkpXVCJ9.eyJ1c2VybmFtZSI6ImFkbWluIiwiaWF0IjoxNTc5NjAxMDkxfQ.TWbXwpUcBL1oShwQq0p5orS6Z1jRcj4JCmf5Xs2KMMM', 0, '2020-01-21 10:04:51', '2020-01-21 10:04:51'),
(189, 'eyJhbGciOiJIUzI1NiIsInR5cCI6IkpXVCJ9.eyJ1c2VybmFtZSI6ImFkbWluIiwiaWF0IjoxNTc5NjAxMDkxfQ.TWbXwpUcBL1oShwQq0p5orS6Z1jRcj4JCmf5Xs2KMMM', 0, '2020-01-21 10:04:51', '2020-01-21 10:04:51'),
(190, 'eyJhbGciOiJIUzI1NiIsInR5cCI6IkpXVCJ9.eyJ1c2VybmFtZSI6ImFkbWluIiwiaWF0IjoxNTc5NjAxMDkxfQ.TWbXwpUcBL1oShwQq0p5orS6Z1jRcj4JCmf5Xs2KMMM', 0, '2020-01-21 10:04:51', '2020-01-21 10:04:51'),
(191, 'eyJhbGciOiJIUzI1NiIsInR5cCI6IkpXVCJ9.eyJ1c2VybmFtZSI6ImFkbWluIiwiaWF0IjoxNTc5NjAxMDkxfQ.TWbXwpUcBL1oShwQq0p5orS6Z1jRcj4JCmf5Xs2KMMM', 0, '2020-01-21 10:04:51', '2020-01-21 10:04:51'),
(192, 'eyJhbGciOiJIUzI1NiIsInR5cCI6IkpXVCJ9.eyJ1c2VybmFtZSI6ImFkbWluIiwiaWF0IjoxNTc5NjAxMDkxfQ.TWbXwpUcBL1oShwQq0p5orS6Z1jRcj4JCmf5Xs2KMMM', 0, '2020-01-21 10:04:51', '2020-01-21 10:04:51'),
(193, 'eyJhbGciOiJIUzI1NiIsInR5cCI6IkpXVCJ9.eyJ1c2VybmFtZSI6ImFkbWluIiwiaWF0IjoxNTc5NjAxMTU1fQ.tzQvhM8L8bOV8eqGzyj7vnpeUq0obtG8rniv4256c-Q', 0, '2020-01-21 10:05:55', '2020-01-21 10:05:55'),
(194, 'eyJhbGciOiJIUzI1NiIsInR5cCI6IkpXVCJ9.eyJ1c2VybmFtZSI6ImFkbWluIiwiaWF0IjoxNTc5NjAxMTU2fQ.C_of7GtRytxiwh7nnZCjFREx3neqDWtG7YnhTMNbBJY', 0, '2020-01-21 10:05:56', '2020-01-21 10:05:56'),
(195, 'eyJhbGciOiJIUzI1NiIsInR5cCI6IkpXVCJ9.eyJ1c2VybmFtZSI6ImFkbWluIiwiaWF0IjoxNTc5NjAxMTU3fQ.Ps-w6dy1AXcwPHrK1EmodFjpAiNdCDkh_WdeNJobeRg', 0, '2020-01-21 10:05:57', '2020-01-21 10:05:57'),
(196, 'eyJhbGciOiJIUzI1NiIsInR5cCI6IkpXVCJ9.eyJ1c2VybmFtZSI6ImFkbWluIiwiaWF0IjoxNTc5NjAxMTU3fQ.Ps-w6dy1AXcwPHrK1EmodFjpAiNdCDkh_WdeNJobeRg', 0, '2020-01-21 10:05:57', '2020-01-21 10:05:57'),
(197, 'eyJhbGciOiJIUzI1NiIsInR5cCI6IkpXVCJ9.eyJ1c2VybmFtZSI6ImFkbWluIiwiaWF0IjoxNTc5NjAxMTU3fQ.Ps-w6dy1AXcwPHrK1EmodFjpAiNdCDkh_WdeNJobeRg', 0, '2020-01-21 10:05:57', '2020-01-21 10:05:57'),
(198, 'eyJhbGciOiJIUzI1NiIsInR5cCI6IkpXVCJ9.eyJ1c2VybmFtZSI6ImFkbWluIiwiaWF0IjoxNTc5NjAxMTU3fQ.Ps-w6dy1AXcwPHrK1EmodFjpAiNdCDkh_WdeNJobeRg', 0, '2020-01-21 10:05:57', '2020-01-21 10:05:57'),
(199, 'eyJhbGciOiJIUzI1NiIsInR5cCI6IkpXVCJ9.eyJ1c2VybmFtZSI6ImFkbWluIiwiaWF0IjoxNTc5NjAxMjc2fQ.EIdS0ldKS_YmOeyfvi_EjIQwmpuaoZrGJ-ohQ4zixog', 0, '2020-01-21 10:07:56', '2020-01-21 10:07:56'),
(200, 'eyJhbGciOiJIUzI1NiIsInR5cCI6IkpXVCJ9.eyJ1c2VybmFtZSI6ImFkbWluIiwiaWF0IjoxNTc5NjAxMjc4fQ.eMZOcXsww3fua690CGylQs8m-gvIywyQzqRqakGVDY8', 0, '2020-01-21 10:07:58', '2020-01-21 10:07:58'),
(201, 'eyJhbGciOiJIUzI1NiIsInR5cCI6IkpXVCJ9.eyJ1c2VybmFtZSI6ImFkbWluIiwiaWF0IjoxNTc5NjAxMjc4fQ.eMZOcXsww3fua690CGylQs8m-gvIywyQzqRqakGVDY8', 0, '2020-01-21 10:07:58', '2020-01-21 10:07:58'),
(202, 'eyJhbGciOiJIUzI1NiIsInR5cCI6IkpXVCJ9.eyJ1c2VybmFtZSI6ImFkbWluIiwiaWF0IjoxNTc5NjAxMjc4fQ.eMZOcXsww3fua690CGylQs8m-gvIywyQzqRqakGVDY8', 0, '2020-01-21 10:07:58', '2020-01-21 10:07:58'),
(203, 'eyJhbGciOiJIUzI1NiIsInR5cCI6IkpXVCJ9.eyJ1c2VybmFtZSI6ImFkbWluIiwiaWF0IjoxNTc5NjAxMzAyfQ.E-LZGZHMo5D8liMEo_4G7EOpFZh8bFFH5tgWzku2jDM', 0, '2020-01-21 10:08:22', '2020-01-21 10:08:22'),
(204, 'eyJhbGciOiJIUzI1NiIsInR5cCI6IkpXVCJ9.eyJ1c2VybmFtZSI6ImFkbWluIiwiaWF0IjoxNTc5NjAxMzEyfQ.Jyk1fPbwh42hUw1mXD43bpxJhuRzAz8mY2cMHgV8PI0', 0, '2020-01-21 10:08:32', '2020-01-21 10:08:32'),
(205, 'eyJhbGciOiJIUzI1NiIsInR5cCI6IkpXVCJ9.eyJ1c2VybmFtZSI6ImFkbWluIiwiaWF0IjoxNTc5NjAxMzM2fQ.LYbjCkWbJAvWYYtUF45HZkjT1xUdTIpWeBh-mowFYvU', 0, '2020-01-21 10:08:56', '2020-01-21 10:08:56'),
(206, 'eyJhbGciOiJIUzI1NiIsInR5cCI6IkpXVCJ9.eyJ1c2VybmFtZSI6ImFkbWluIiwiaWF0IjoxNTc5NjAxMzYyfQ.3qqn2LE2tI97-vhb5KeRPEFUhLNFSmfzJD394ir78-Y', 0, '2020-01-21 10:09:22', '2020-01-21 10:09:22'),
(207, 'eyJhbGciOiJIUzI1NiIsInR5cCI6IkpXVCJ9.eyJ1c2VybmFtZSI6ImFkbWluIiwiaWF0IjoxNTc5NjAxMzc3fQ.pXQXC1upjgAuyD5bxmX-J5PvnYeImkKhXWYaq1ydxsE', 0, '2020-01-21 10:09:37', '2020-01-21 10:09:37'),
(208, 'eyJhbGciOiJIUzI1NiIsInR5cCI6IkpXVCJ9.eyJ1c2VybmFtZSI6ImFkbWluIiwiaWF0IjoxNTc5NjAxMzc4fQ.uQstTwOLtcosiKFL7KrrKgQT711cYQon2ozu-cGF_io', 0, '2020-01-21 10:09:38', '2020-01-21 10:09:38'),
(209, 'eyJhbGciOiJIUzI1NiIsInR5cCI6IkpXVCJ9.eyJ1c2VybmFtZSI6ImFkbWluIiwiaWF0IjoxNTc5NjAxNjY2fQ.V2mTEe5GyBvMITkXtAoPoE1C-TV3fw4Juzzuy8tzQo8', 0, '2020-01-21 10:14:26', '2020-01-21 10:14:26'),
(210, 'eyJhbGciOiJIUzI1NiIsInR5cCI6IkpXVCJ9.eyJ1c2VybmFtZSI6ImFkbWluIiwiaWF0IjoxNTc5NjAxODU5fQ.lSZzjrqsULcW4e_JDfqRyG6Buw91nHGBrs_lG6dZacU', 0, '2020-01-21 10:17:39', '2020-01-21 10:17:39'),
(211, 'eyJhbGciOiJIUzI1NiIsInR5cCI6IkpXVCJ9.eyJ1c2VybmFtZSI6ImFkbWluIiwiaWF0IjoxNTc5NjAxODY4fQ.4DtekE-LJY7FDFVl-brDng-X_goUbqBAFLmYteyUYAg', 0, '2020-01-21 10:17:48', '2020-01-21 10:17:48'),
(212, 'eyJhbGciOiJIUzI1NiIsInR5cCI6IkpXVCJ9.eyJ1c2VybmFtZSI6ImFkbWluIiwiaWF0IjoxNTc5NjAxODk0fQ.O2zrpjyR1D7a1gDeZec4S9PedwDe7iYnh-ra2YvQ2OI', 0, '2020-01-21 10:18:14', '2020-01-21 10:18:14'),
(213, 'eyJhbGciOiJIUzI1NiIsInR5cCI6IkpXVCJ9.eyJ1c2VybmFtZSI6ImFkbWluIiwiaWF0IjoxNTc5NjAxOTk5fQ.0abK26kU4u9GZ4DM5gYF7i-OBdGKY8kfSv4tS2ncX_I', 0, '2020-01-21 10:19:59', '2020-01-21 10:19:59'),
(214, 'eyJhbGciOiJIUzI1NiIsInR5cCI6IkpXVCJ9.eyJ1c2VybmFtZSI6ImFkbWluIiwiaWF0IjoxNTc5NjAyMjI5fQ.GiYDQTA7zdEN8YLdcISMC1TvJZ9KCaMRfKIt2v6TJkI', 0, '2020-01-21 10:23:49', '2020-01-21 10:23:49'),
(215, 'eyJhbGciOiJIUzI1NiIsInR5cCI6IkpXVCJ9.eyJ1c2VybmFtZSI6ImFkbWluIiwiaWF0IjoxNTc5NjAyMjM5fQ.UJ4OOYuWNaf5yNs7xbVLPih58EzEU9d30tiwjC9rbag', 0, '2020-01-21 10:23:59', '2020-01-21 10:23:59'),
(216, 'eyJhbGciOiJIUzI1NiIsInR5cCI6IkpXVCJ9.eyJ1c2VybmFtZSI6ImFkbWluIiwiaWF0IjoxNTgwMDk5NjgzfQ.xEtimwxRAAg6cJNJChT1BbR0UyitH9LlzuL_6l1cr8M', 0, '2020-01-27 04:34:43', '2020-01-27 04:34:43'),
(217, 'eyJhbGciOiJIUzI1NiIsInR5cCI6IkpXVCJ9.eyJ1c2VybmFtZSI6ImFkbWluIiwiaWF0IjoxNTgwMTAyNDEwfQ.g3ZGUfKUn4DIW10Ca0hqF1ZtjC_w1kgw3eWkfamm0tA', 0, '2020-01-27 05:20:10', '2020-01-27 05:20:10'),
(218, 'eyJhbGciOiJIUzI1NiIsInR5cCI6IkpXVCJ9.eyJ1c2VybmFtZSI6ImFtdWRpYTI2IiwiaWF0IjoxNTgwMTAzNTYyfQ.T87FPHlPcLMOvrlS4YdsYqaSCKReh4knBbGWCbsOLEM', 0, '2020-01-27 05:39:22', '2020-01-27 05:39:22'),
(219, 'eyJhbGciOiJIUzI1NiIsInR5cCI6IkpXVCJ9.eyJ1c2VybmFtZSI6ImFkbWluIiwiaWF0IjoxNTgwMTAzOTMzfQ.C188qiXiSreCJmFz2Rjle9q9ByJ3Y5Ry3KEU-LePRTg', 0, '2020-01-27 05:45:33', '2020-01-27 05:45:33'),
(220, 'eyJhbGciOiJIUzI1NiIsInR5cCI6IkpXVCJ9.eyJ1c2VybmFtZSI6ImFkbWluIiwiaWF0IjoxNTgwODgyMjEwfQ.FDHMTp-OyNlCIoCJtO3_fSflI2udrEwgFYJiSPJpGdQ', 1, '2020-02-05 05:56:50', '2020-02-05 05:56:50'),
(221, 'eyJhbGciOiJIUzI1NiIsInR5cCI6IkpXVCJ9.eyJ1c2VybmFtZSI6ImFkbWluIiwiaWF0IjoxNTgwODgyNTk1fQ.ZJPIDwkJiSwVdVbSrkJbN38HWc3L96DPFCWyqZjiIGI', 0, '2020-02-05 06:03:15', '2020-02-05 06:03:15'),
(222, 'eyJhbGciOiJIUzI1NiIsInR5cCI6IkpXVCJ9.eyJ1c2VybmFtZSI6InRlc3QiLCJpYXQiOjE1ODA4ODMyMzZ9.z2iAlAfSUls14L1K18RUNnK14uG4pC7MVE12SCmfR3M', 0, '2020-02-05 06:13:56', '2020-02-05 06:13:56'),
(223, 'eyJhbGciOiJIUzI1NiIsInR5cCI6IkpXVCJ9.eyJ1c2VybmFtZSI6InRlc3QiLCJpYXQiOjE1ODA4ODQzNDV9.zN0iUAmgjy5w12kHf2qrIgHbzJp5JHUgXXYFXaj7wfc', 1, '2020-02-05 06:32:25', '2020-02-05 06:32:25'),
(224, 'eyJhbGciOiJIUzI1NiIsInR5cCI6IkpXVCJ9.eyJ1c2VybmFtZSI6InRlc3QiLCJpYXQiOjE1ODA4ODQ1MzF9.89Hd3Tzd6IJAD3g6Xt5cOOOi51-BpK-NGMBe9eaSPB4', 1, '2020-02-05 06:35:31', '2020-02-05 06:35:31'),
(225, 'eyJhbGciOiJIUzI1NiIsInR5cCI6IkpXVCJ9.eyJ1c2VybmFtZSI6InRlc3QiLCJpYXQiOjE1ODA4ODQ2MTR9.ydL12VpuycrjzwPrzI8hdzGvYBx40e_KNTDBSO_YRX4', 1, '2020-02-05 06:36:54', '2020-02-05 06:36:54'),
(226, 'eyJhbGciOiJIUzI1NiIsInR5cCI6IkpXVCJ9.eyJ1c2VybmFtZSI6InRlc3QiLCJpYXQiOjE1ODA4ODQ3ODd9.jt7BAI6y1N9C7aZuHL4K-nvJHpq9G5AXN1Fw6IdAOXI', 1, '2020-02-05 06:39:47', '2020-02-05 06:39:47'),
(227, 'eyJhbGciOiJIUzI1NiIsInR5cCI6IkpXVCJ9.eyJ1c2VybmFtZSI6InRlc3QiLCJpYXQiOjE1ODA4ODU1OTJ9.OJfJr1cSlLvH6XVw4qp_gJTt6c9TiM0tkm617Nc-6MM', 1, '2020-02-05 06:53:12', '2020-02-05 06:53:12'),
(228, 'eyJhbGciOiJIUzI1NiIsInR5cCI6IkpXVCJ9.eyJ1c2VybmFtZSI6InRlc3QiLCJpYXQiOjE1ODA4ODU1OTJ9.OJfJr1cSlLvH6XVw4qp_gJTt6c9TiM0tkm617Nc-6MM', 1, '2020-02-05 06:53:12', '2020-02-05 06:53:12'),
(229, 'eyJhbGciOiJIUzI1NiIsInR5cCI6IkpXVCJ9.eyJ1c2VybmFtZSI6InRlc3QiLCJpYXQiOjE1ODA4ODU4MTV9.YRE7TYxk8Xvxv18kqXIvOPIF6Y1sDkI1ogMwrw0y5C0', 1, '2020-02-05 06:56:55', '2020-02-05 06:56:55'),
(230, 'eyJhbGciOiJIUzI1NiIsInR5cCI6IkpXVCJ9.eyJ1c2VybmFtZSI6InRlc3QiLCJpYXQiOjE1ODA4ODU5Mzd9.Pk-O0QUsw68vJ4d7whIkc47H5APg8z7y2cVktmlD9PU', 1, '2020-02-05 06:58:57', '2020-02-05 06:58:57'),
(231, 'eyJhbGciOiJIUzI1NiIsInR5cCI6IkpXVCJ9.eyJ1c2VybmFtZSI6InRlc3QiLCJpYXQiOjE1ODA4ODYxMjd9.A-CFII3eUuVrc7JGUvjhTMA-IaDjsNz2ujsJsgCTKzU', 1, '2020-02-05 07:02:07', '2020-02-05 07:02:07'),
(232, 'eyJhbGciOiJIUzI1NiIsInR5cCI6IkpXVCJ9.eyJ1c2VybmFtZSI6InRlc3QiLCJpYXQiOjE1ODA4ODYzMTV9.04vx716Tjn2meDegN9epc5kplbL8pb25BflunUC-rAo', 1, '2020-02-05 07:05:15', '2020-02-05 07:05:15'),
(233, 'eyJhbGciOiJIUzI1NiIsInR5cCI6IkpXVCJ9.eyJ1c2VybmFtZSI6InRlc3QiLCJpYXQiOjE1ODA5MTk3NDh9.lIKgBoTKJmoWCaxw2R5A9Hr85NN1cXuqNvMSy4XXFoo', 1, '2020-02-05 16:22:28', '2020-02-05 16:22:28'),
(234, 'eyJhbGciOiJIUzI1NiIsInR5cCI6IkpXVCJ9.eyJ1c2VybmFtZSI6InRlc3QiLCJpYXQiOjE1ODA5MTk5NDd9.JBxvFWkM6TrTEZGtKg2T0X-EERd_v5jOrz1aM0NhQG0', 0, '2020-02-05 16:25:47', '2020-02-05 16:25:47'),
(235, 'eyJhbGciOiJIUzI1NiIsInR5cCI6IkpXVCJ9.eyJ1c2VybmFtZSI6InRlc3QiLCJpYXQiOjE1ODA5MjAxNzd9.TqII81Uet0NNPYuV6TZrCod88GaGWV5fTjeyfFNCAec', 0, '2020-02-05 16:29:37', '2020-02-05 16:29:37'),
(236, 'eyJhbGciOiJIUzI1NiIsInR5cCI6IkpXVCJ9.eyJ1c2VybmFtZSI6InRlc3QiLCJpYXQiOjE1ODA5MjEyMDR9.9YrpHfH80I0pw4xewUzavJb6zGBwhUT0cJToYL__0rs', 0, '2020-02-05 16:46:44', '2020-02-05 16:46:44'),
(237, 'eyJhbGciOiJIUzI1NiIsInR5cCI6IkpXVCJ9.eyJ1c2VybmFtZSI6InRlc3QiLCJpYXQiOjE1ODA5MjQyNzd9.Ifsjdb3woH3UEa9Sn7sTnFP4azQiLSUDr6yBb7ILbR4', 1, '2020-02-05 17:37:57', '2020-02-05 17:37:57'),
(238, 'eyJhbGciOiJIUzI1NiIsInR5cCI6IkpXVCJ9.eyJ1c2VybmFtZSI6ImFkbWluIiwiaWF0IjoxNTgwOTI0NzYwfQ.oi3gMBM46Zaenz0MM2LcAnsPGkoOSl39Kv1_cRn4xB4', 0, '2020-02-05 17:46:00', '2020-02-05 17:46:00'),
(239, 'eyJhbGciOiJIUzI1NiIsInR5cCI6IkpXVCJ9.eyJ1c2VybmFtZSI6ImFkbWluIiwiaWF0IjoxNTgwOTI0ODg2fQ.9UbTgeKYs36--8zK26exVVVpgwjhKxHXgmE3XBGS-Ec', 1, '2020-02-05 17:48:06', '2020-02-05 17:48:06'),
(240, 'eyJhbGciOiJIUzI1NiIsInR5cCI6IkpXVCJ9.eyJ1c2VybmFtZSI6ImFkbWluIiwiaWF0IjoxNTgwOTI0OTM2fQ.2M3xHrFN9-ianibyIiL3tvdz8PZ8Q8KczdX2_rvHFTw', 1, '2020-02-05 17:48:56', '2020-02-05 17:48:56'),
(241, 'eyJhbGciOiJIUzI1NiIsInR5cCI6IkpXVCJ9.eyJ1c2VybmFtZSI6ImFkbWluIiwiaWF0IjoxNTgwOTI1MDk3fQ.hukgWVXVBbGvAaKBK32O-YALnZSLrFacTZ1D1CCoFBg', 1, '2020-02-05 17:51:37', '2020-02-05 17:51:37'),
(242, 'eyJhbGciOiJIUzI1NiIsInR5cCI6IkpXVCJ9.eyJ1c2VybmFtZSI6ImFkbWluIiwiaWF0IjoxNTgwOTI1MjY5fQ.JwqZbNJKuZXiCmGOFvA4HQrqd2PSO4GX73fsgDs0GDk', 1, '2020-02-05 17:54:29', '2020-02-05 17:54:29'),
(243, 'eyJhbGciOiJIUzI1NiIsInR5cCI6IkpXVCJ9.eyJ1c2VybmFtZSI6ImFkbWluIiwiaWF0IjoxNTgwOTI1MjgzfQ.r3yAiZr6LKf19qfDbdb6ZbbyrHY8KkX40e832s-A8DU', 1, '2020-02-05 17:54:43', '2020-02-05 17:54:43'),
(244, 'eyJhbGciOiJIUzI1NiIsInR5cCI6IkpXVCJ9.eyJ1c2VybmFtZSI6ImFkbWluIiwiaWF0IjoxNTgwOTI1NTc3fQ.8Z_dvVLJy9XnOAFIGURpKFKNmmvPs_vDbi0_Jtoq1VA', 1, '2020-02-05 17:59:37', '2020-02-05 17:59:37'),
(245, 'eyJhbGciOiJIUzI1NiIsInR5cCI6IkpXVCJ9.eyJ1c2VybmFtZSI6ImFkbWluIiwiaWF0IjoxNTgwOTI1OTU3fQ.vHVGvZlKjFni70a7q7bt2s6nJxrdDTuuIPNrFp9W-lQ', 1, '2020-02-05 18:05:57', '2020-02-05 18:05:57'),
(246, 'eyJhbGciOiJIUzI1NiIsInR5cCI6IkpXVCJ9.eyJ1c2VybmFtZSI6ImFkbWluIiwiaWF0IjoxNTgwOTI2MDI4fQ.S5NMCMpLlnygxuogRgHJ__K38afsDCUKXVhVxEVJxqY', 1, '2020-02-05 18:07:08', '2020-02-05 18:07:08'),
(247, 'eyJhbGciOiJIUzI1NiIsInR5cCI6IkpXVCJ9.eyJ1c2VybmFtZSI6ImFkbWluIiwiaWF0IjoxNTgwOTI2MDkzfQ.ZdtkU3949pNLMEFzI5mz0tWylBPHZvssxlNuIyt2UZM', 1, '2020-02-05 18:08:13', '2020-02-05 18:08:13'),
(248, 'eyJhbGciOiJIUzI1NiIsInR5cCI6IkpXVCJ9.eyJ1c2VybmFtZSI6ImFkbWluIiwiaWF0IjoxNTgwOTI2MTM1fQ.XhW4SQtbY_AtepqWwWRS3FFpTywZaWjH50ncCBXxoR8', 1, '2020-02-05 18:08:55', '2020-02-05 18:08:55'),
(249, 'eyJhbGciOiJIUzI1NiIsInR5cCI6IkpXVCJ9.eyJ1c2VybmFtZSI6ImFkbWluIiwiaWF0IjoxNTgwOTI2MTc3fQ.UBAo-O-Wo3mJRlIPa2it2-xwXR6a4SzLf5I0yrylU_s', 1, '2020-02-05 18:09:37', '2020-02-05 18:09:37'),
(250, 'eyJhbGciOiJIUzI1NiIsInR5cCI6IkpXVCJ9.eyJ1c2VybmFtZSI6ImFkbWluIiwiaWF0IjoxNTgwOTI2MjE4fQ.1CoESrDpNHDY5bjwZz639tKx66Wf7WSyVAvsflYyHt8', 0, '2020-02-05 18:10:18', '2020-02-05 18:10:18'),
(251, 'eyJhbGciOiJIUzI1NiIsInR5cCI6IkpXVCJ9.eyJ1c2VybmFtZSI6ImFkbWluIiwiaWF0IjoxNTgwOTI2MzgzfQ.veyeZ35SN8Yktt5jH0JRWZ99VA6END8YcMVAyGk_DYQ', 1, '2020-02-05 18:13:03', '2020-02-05 18:13:03'),
(252, 'eyJhbGciOiJIUzI1NiIsInR5cCI6IkpXVCJ9.eyJ1c2VybmFtZSI6InRlc3QiLCJpZCI6MTQsInJvbGVzIjozLCJpYXQiOjE1ODA5MjY5Mjl9.Ex07le0RHcRzeTG2qtGoOKZC5V2KuDrIWskiS49jonU', 1, '2020-02-05 18:22:09', '2020-02-05 18:22:09'),
(253, 'eyJhbGciOiJIUzI1NiIsInR5cCI6IkpXVCJ9.eyJ1c2VybmFtZSI6ImFkbWluIiwiaWQiOjEsInJvbGVzIjoxLCJpYXQiOjE1ODA5Mjc1NjV9.SJ4TP2Ha6wWOjVua7dEnwJB9jZE2iXtvAlLYqn3bV44', 1, '2020-02-05 18:32:45', '2020-02-05 18:32:45'),
(254, 'eyJhbGciOiJIUzI1NiIsInR5cCI6IkpXVCJ9.eyJ1c2VybmFtZSI6InRlc3QiLCJpZCI6MTQsInJvbGVzIjozLCJpYXQiOjE1ODA5Mjc1NzZ9.kkzExRPgmrrPYEUWqBptOVCpJ7mAZRl8AtisgiE0zOQ', 0, '2020-02-05 18:32:56', '2020-02-05 18:32:56'),
(255, 'eyJhbGciOiJIUzI1NiIsInR5cCI6IkpXVCJ9.eyJ1c2VybmFtZSI6InRlc3QiLCJpZCI6MTQsInJvbGVzIjozLCJpYXQiOjE1ODA5NzU1Mjd9.gWAuF9cGoJd_N8KFd3UjQLsP_gY90CJfD3j2c3CkLP8', 0, '2020-02-06 07:52:07', '2020-02-06 07:52:07'),
(256, 'eyJhbGciOiJIUzI1NiIsInR5cCI6IkpXVCJ9.eyJ1c2VybmFtZSI6InRlc3QiLCJpZCI6MTQsInJvbGVzIjozLCJpYXQiOjE1ODA5ODM5NzV9.62LumjfKvnF1XS_g7seDVjqqh2g0Eh7xta5MWt2wYSQ', 1, '2020-02-06 10:12:55', '2020-02-06 10:12:55'),
(257, 'eyJhbGciOiJIUzI1NiIsInR5cCI6IkpXVCJ9.eyJ1c2VybmFtZSI6InRlc3QiLCJpZCI6MTQsInJvbGVzIjozLCJpYXQiOjE1ODA5ODUxNDV9.Q2D-iz2s3oGSY5cDwQLXB0c4t_daUamangR2p8Xxqas', 1, '2020-02-06 10:32:25', '2020-02-06 10:32:25');

-- --------------------------------------------------------

--
-- Table structure for table `riviews`
--

CREATE TABLE `riviews` (
  `id_riview` int(11) NOT NULL,
  `id_item` int(11) NOT NULL,
  `id_user` int(11) NOT NULL,
  `riview` varchar(100) NOT NULL,
  `rating` float NOT NULL,
  `created_on` timestamp NOT NULL DEFAULT current_timestamp(),
  `updated_on` timestamp NOT NULL DEFAULT current_timestamp()
) ENGINE=InnoDB DEFAULT CHARSET=utf8mb4;

--
-- Dumping data for table `riviews`
--

INSERT INTO `riviews` (`id_riview`, `id_item`, `id_user`, `riview`, `rating`, `created_on`, `updated_on`) VALUES
(5, 17, 14, 'ga enalk', 1, '2020-02-05 16:27:03', '2020-02-05 16:27:03'),
(6, 17, 14, 'oke', 4, '2020-02-05 16:27:56', '2020-02-05 16:27:56');

-- --------------------------------------------------------

--
-- Table structure for table `roles`
--

CREATE TABLE `roles` (
  `id_role` int(11) NOT NULL,
  `name_role` varchar(45) NOT NULL
) ENGINE=InnoDB DEFAULT CHARSET=utf8mb4;

--
-- Dumping data for table `roles`
--

INSERT INTO `roles` (`id_role`, `name_role`) VALUES
(1, 'admin'),
(2, 'restaurant'),
(3, 'customer');

-- --------------------------------------------------------

--
-- Table structure for table `users`
--

CREATE TABLE `users` (
  `id_user` int(11) NOT NULL,
  `id_role` int(11) NOT NULL,
  `name` varchar(45) NOT NULL,
  `username` varchar(45) NOT NULL,
  `password` varchar(200) NOT NULL,
  `created_on` timestamp NOT NULL DEFAULT current_timestamp(),
  `updated_on` timestamp NOT NULL DEFAULT current_timestamp()
) ENGINE=InnoDB DEFAULT CHARSET=utf8mb4;

--
-- Dumping data for table `users`
--

INSERT INTO `users` (`id_user`, `id_role`, `name`, `username`, `password`, `created_on`, `updated_on`) VALUES
(1, 1, 'admin', 'admin', '$2a$10$.k/BRgbtvSxboHNSxLA0We14WCLxkL2llYozebI/EN/Ui2hIt7uqK', '2019-12-31 15:44:39', '2019-12-31 15:44:39'),
(2, 3, 'Amudia', 'amudia', '$2a$10$XU4zEvEh.VuGRHNqkOMAEeG3AzP1SvQbr4o314ciV1ZQuFuiqYHbu', '2020-01-05 14:12:27', '2020-01-05 14:12:27'),
(3, 3, 'test', 'amudiass', '$2a$10$s6HmdG1J3QK9.jFOZ7MyXujtQNrxUa8jVbi2onOhxzJ0qzzwEnToK', '2020-01-05 19:07:50', '2020-01-05 19:07:50'),
(4, 3, 'sad', 'sad', '$2a$10$oJkYSx2AZpD6Zu0SI5VD3eCjHnJInYeZg8JmTmk0s6V2NbhzjR0YS', '2020-01-05 19:08:15', '2020-01-05 19:08:15'),
(5, 3, 'asdsa', 'asdsad', '$2a$10$r3GXS804TU3v1p.F/nbv7.obIUByyRjnFWMZng7rLKuZVflpLGnpK', '2020-01-05 19:12:00', '2020-01-05 19:12:00'),
(6, 3, 'test', 'tesr', '$2a$10$GY8vSOIuX7WBua4pAGczkuvD32OENfSwqTEboDebPPp24V9vITp3y', '2020-01-05 19:12:37', '2020-01-05 19:12:37'),
(7, 3, 'arkademy', 'arkademy', '$2a$10$q/7Ht1lTITg1symYuExW4O3e/GwEhMq2uANxvK20vhkghGXaYubNS', '2020-01-06 02:27:17', '2020-01-06 02:27:17'),
(8, 3, 'dsa', 'asd', '$2a$10$fmYA9RlgWZT0FFQKH9ETo.jCL6BxGHpQ2dsFhKI3bR4gMAx/czDgC', '2020-01-08 05:55:11', '2020-01-08 05:55:11'),
(9, 3, 'modi', 'modi', '$2a$10$YpPavFtX7MueYu6bZHJZLelBvSd5mwcRYxcUsVyHYNFm9SIZfWBua', '2020-01-21 08:50:35', '2020-01-21 08:50:35'),
(10, 3, 'amudia', 'mkk', '$2a$10$zlyuy1bza2VYhVKdOurczeYy3UwpQBoYxgEnPJ1EZO3QNpUDtmqde', '2020-01-21 09:34:19', '2020-01-21 09:34:19'),
(11, 3, 'test', 'amudiasssadsa', '$2a$10$LREzV6wUpKF02a5or/G.TeHay6NI4R25NkqihOhtJbDx1qbiW5Qkq', '2020-01-27 05:31:51', '2020-01-27 05:31:51'),
(12, 3, 'jkkj', 'kjkj', '$2a$10$80UKfzQfbEbI1nXfLjTszugay4UvGfY/zGMCPggQav69O8Lxx48Va', '2020-01-27 05:38:39', '2020-01-27 05:38:39'),
(13, 3, 'amudia', 'amudia26', '$2a$10$JSpBSiSqmFZUti90OTZk2eIyUxvPKEKBL/MaZmKLPusGvFAexgZxK', '2020-01-27 05:39:03', '2020-01-27 05:39:03'),
(14, 3, 'test', 'test', '$2a$10$Q8FrfZxjtOKBvqFjBwEqi.fSuy73X1kwHFfHhmhIODGmuLpLQRLPW', '2020-02-05 06:13:20', '2020-02-05 06:13:20'),
(15, 3, 'test123', 'test123', '$2a$10$RTrgyP.sMO3JpOb5wRHXQuIntlz4anwfiGlk6.Efr8ANpaTl5xg1a', '2020-02-06 10:56:42', '2020-02-06 10:56:42');

--
-- Indexes for dumped tables
--

--
-- Indexes for table `carts`
--
ALTER TABLE `carts`
  ADD PRIMARY KEY (`id_cart`);

--
-- Indexes for table `categories`
--
ALTER TABLE `categories`
  ADD PRIMARY KEY (`id_category`);

--
-- Indexes for table `items`
--
ALTER TABLE `items`
  ADD PRIMARY KEY (`id_item`);

--
-- Indexes for table `restaurants`
--
ALTER TABLE `restaurants`
  ADD PRIMARY KEY (`id_restaurant`);

--
-- Indexes for table `revoked_token`
--
ALTER TABLE `revoked_token`
  ADD PRIMARY KEY (`id`);

--
-- Indexes for table `riviews`
--
ALTER TABLE `riviews`
  ADD PRIMARY KEY (`id_riview`);

--
-- Indexes for table `roles`
--
ALTER TABLE `roles`
  ADD PRIMARY KEY (`id_role`);

--
-- Indexes for table `users`
--
ALTER TABLE `users`
  ADD PRIMARY KEY (`id_user`);

--
-- AUTO_INCREMENT for dumped tables
--

--
-- AUTO_INCREMENT for table `carts`
--
ALTER TABLE `carts`
  MODIFY `id_cart` int(11) NOT NULL AUTO_INCREMENT, AUTO_INCREMENT=23;

--
-- AUTO_INCREMENT for table `categories`
--
ALTER TABLE `categories`
  MODIFY `id_category` int(11) NOT NULL AUTO_INCREMENT, AUTO_INCREMENT=5;

--
-- AUTO_INCREMENT for table `items`
--
ALTER TABLE `items`
  MODIFY `id_item` int(11) NOT NULL AUTO_INCREMENT, AUTO_INCREMENT=23;

--
-- AUTO_INCREMENT for table `restaurants`
--
ALTER TABLE `restaurants`
  MODIFY `id_restaurant` int(11) NOT NULL AUTO_INCREMENT, AUTO_INCREMENT=10;

--
-- AUTO_INCREMENT for table `revoked_token`
--
ALTER TABLE `revoked_token`
  MODIFY `id` int(11) NOT NULL AUTO_INCREMENT, AUTO_INCREMENT=258;

--
-- AUTO_INCREMENT for table `riviews`
--
ALTER TABLE `riviews`
  MODIFY `id_riview` int(11) NOT NULL AUTO_INCREMENT, AUTO_INCREMENT=7;

--
-- AUTO_INCREMENT for table `users`
--
ALTER TABLE `users`
  MODIFY `id_user` int(11) NOT NULL AUTO_INCREMENT, AUTO_INCREMENT=16;
COMMIT;

/*!40101 SET CHARACTER_SET_CLIENT=@OLD_CHARACTER_SET_CLIENT */;
/*!40101 SET CHARACTER_SET_RESULTS=@OLD_CHARACTER_SET_RESULTS */;
/*!40101 SET COLLATION_CONNECTION=@OLD_COLLATION_CONNECTION */;
